modelo,modelo_slug,color,url,urlOriginal,fileId,filePath,archivo,width,height,sha256,confianza,evidencia,observacion,nueva,fecha_subida
Avanzada Motocarro 250cc,avanzada-motocarro-250,blanco-plata,https://ik.imagekit.io/szxayxbmb/asisa-motos/modelos/avanzada-motocarro-250/blanco-plata/IMG-20261009-WA0011.jpg,https://ik.imagekit.io/szxayxbmb/asisa-motos/modelos/avanzada-motocarro-250/blanco-plata/IMG-20261009-WA0011.jpg?tr=orig-true,6aca5ffcead997d09a9dd1f4,/asisa-motos/modelos/avanzada-motocarro-250/blanco-plata/IMG-20261009-WA0011.jpg,IMG-20261009-WA0011.jpg,720,1280,173edc4c86ebf616ad1c7a90a3bfe4a1c260992c4a48fd061d4ca06232499092,media,Chat 09/10: Avanzada 250cc; frontal con marca AVANZADA; vehículo de carga de tres ruedas,El chat solo proporciona marca y cilindrada; nombre comercial exacto no comprobado en inventario.,si,2026-10-10
Avanzada Motocarro 250cc,avanzada-motocarro-250,blanco-plata,https://ik.imagekit.io/szxayxbmb/asisa-motos/modelos/avanzada-motocarro-250/blanco-plata/IMG-20261009-WA0017.jpg,https://ik.imagekit.io/szxayxbmb/asisa-motos/modelos/avanzada-motocarro-250/blanco-plata/IMG-20261009-WA0017.jpg?tr=orig-true,6aca5ffdead997d09a9dd847,/asisa-motos/modelos/avanzada-motocarro-250/blanco-plata/IMG-20261009-WA0017.jpg,IMG-20261009-WA0017.jpg,1280,720,83b935107cae011ec14d6d599cf087b41f882811ebb93ab9c59fed4ae4f61efc,media,Chat 09/10: Avanzada 250cc; frontal con marca AVANZADA; vehículo de carga de tres ruedas,El chat solo proporciona marca y cilindrada; nombre comercial exacto no comprobado en inventario.,si,2026-10-10
Avanzada Motocarro 250cc,avanzada-motocarro-250,blanco-plata,https://ik.imagekit.io/szxayxbmb/asisa-motos/modelos/avanzada-motocarro-250/blanco-plata/IMG-20261009-WA0025.jpg,https://ik.imagekit.io/szxayxbmb/asisa-motos/modelos/avanzada-motocarro-250/blanco-plata/IMG-20261009-WA0025.jpg?tr=orig-true,6aca5ffdead997d09a9dddf2,/asisa-motos/modelos/avanzada-motocarro-250/blanco-plata/IMG-20261009-WA0025.jpg,IMG-20261009-WA0025.jpg,720,1280,0f40a5048b108e9fb3926841b824a572a8b7ef051d9ceec71f7822beaa34f6f2,media,Chat 09/10: Avanzada 250cc; frontal con marca AVANZADA; vehículo de carga de tres ruedas,El chat solo proporciona marca y cilindrada; nombre comercial exacto no comprobado en inventario.,si,2026-10-10
Avanzada Motocarro 250cc,avanzada-motocarro-250,blanco-plata,https://ik.imagekit.io/szxayxbmb/asisa-motos/modelos/avanzada-motocarro-250/blanco-plata/IMG-20261009-WA0030.jpg,https://ik.imagekit.io/szxayxbmb/asisa-motos/modelos/avanzada-motocarro-250/blanco-plata/IMG-20261009-WA0030.jpg?tr=orig-true,6aca5ffeead997d09a9ddfec,/asisa-motos/modelos/avanzada-motocarro-250/blanco-plata/IMG-20261009-WA0030.jpg,IMG-20261009-WA0030.jpg,1280,720,c98eed8b3aab54b522f3521ba2968315826b27654f41494d26a902cb8acf8aba,media,Chat 09/10: Avanzada 250cc; frontal con marca AVANZADA; vehículo de carga de tres ruedas,El chat solo proporciona marca y cilindrada; nombre comercial exacto no comprobado en inventario.,si,2026-10-10
Avanzada T-Archon 400 4x4,avanzada-t-archon-400,rojo-negro,https://ik.imagekit.io/szxayxbmb/asisa-motos/modelos/avanzada-t-archon-400/rojo-negro/IMG-20261009-WA0009.jpg,https://ik.imagekit.io/szxayxbmb/asisa-motos/modelos/avanzada-t-archon-400/rojo-negro/IMG-20261009-WA0009.jpg?tr=orig-true,6aca5fffead997d09a9de282,/asisa-motos/modelos/avanzada-t-archon-400/rojo-negro/IMG-20261009-WA0009.jpg,IMG-20261009-WA0009.jpg,1280,720,5d7b421c15a356b8cb1fb5c7f3ee78514c8dea00d1898724fd511b403047fd37,alta,Chat 09/10: Archon 400; inventario: AVANZADA T-ARCHON 4X4 400CC,Mismo UTV mostrado con tolva normal y basculada; seis imágenes.,si,2026-10-10
Avanzada T-Archon 400 4x4,avanzada-t-archon-400,rojo-negro,https://ik.imagekit.io/szxayxbmb/asisa-motos/modelos/avanzada-t-archon-400/rojo-negro/IMG-20261009-WA0010.jpg,https://ik.imagekit.io/szxayxbmb/asisa-motos/modelos/avanzada-t-archon-400/rojo-negro/IMG-20261009-WA0010.jpg?tr=orig-true,6aca6000ead997d09a9de471,/asisa-motos/modelos/avanzada-t-archon-400/rojo-negro/IMG-20261009-WA0010.jpg,IMG-20261009-WA0010.jpg,809,1280,0db1eee9695427be5a2b535f15d88de1c958829a6a8d4582b5a31320320d8d06,alta,Chat 09/10: Archon 400; inventario: AVANZADA T-ARCHON 4X4 400CC,Mismo UTV mostrado con tolva normal y basculada; seis imágenes.,si,2026-10-10
Avanzada T-Archon 400 4x4,avanzada-t-archon-400,rojo-negro,https://ik.imagekit.io/szxayxbmb/asisa-motos/modelos/avanzada-t-archon-400/rojo-negro/IMG-20261009-WA0012.jpg,https://ik.imagekit.io/szxayxbmb/asisa-motos/modelos/avanzada-t-archon-400/rojo-negro/IMG-20261009-WA0012.jpg?tr=orig-true,6aca6001ead997d09a9de796,/asisa-motos/modelos/avanzada-t-archon-400/rojo-negro/IMG-20261009-WA0012.jpg,IMG-20261009-WA0012.jpg,1279,885,a4a4af9cde003794abce64e3d6f97c19201a34645009bc1446f280ba82906878,alta,Chat 09/10: Archon 400; inventario: AVANZADA T-ARCHON 4X4 400CC,Mismo UTV mostrado con tolva normal y basculada; seis imágenes.,si,2026-10-10
Avanzada T-Archon 400 4x4,avanzada-t-archon-400,rojo-negro,https://ik.imagekit.io/szxayxbmb/asisa-motos/modelos/avanzada-t-archon-400/rojo-negro/IMG-20261009-WA0014.jpg,https://ik.imagekit.io/szxayxbmb/asisa-motos/modelos/avanzada-t-archon-400/rojo-negro/IMG-20261009-WA0014.jpg?tr=orig-true,6aca6001ead997d09a9de9d5,/asisa-motos/modelos/avanzada-t-archon-400/rojo-negro/IMG-20261009-WA0014.jpg,IMG-20261009-WA0014.jpg,720,1280,40e928accaf3584a568ff92097508eaa8697248ed5d38ab36ef2edf153d178da,alta,Chat 09/10: Archon 400; inventario: AVANZADA T-ARCHON 4X4 400CC,Mismo UTV mostrado con tolva normal y basculada; seis imágenes.,si,2026-10-10
Avanzada T-Archon 400 4x4,avanzada-t-archon-400,rojo-negro,https://ik.imagekit.io/szxayxbmb/asisa-motos/modelos/avanzada-t-archon-400/rojo-negro/IMG-20261009-WA0016.jpg,https://ik.imagekit.io/szxayxbmb/asisa-motos/modelos/avanzada-t-archon-400/rojo-negro/IMG-20261009-WA0016.jpg?tr=orig-true,6aca6003ead997d09a9dee2d,/asisa-motos/modelos/avanzada-t-archon-400/rojo-negro/IMG-20261009-WA0016.jpg,IMG-20261009-WA0016.jpg,720,1280,5cd51e3d66598e5b97aedc0dc30ea3e2695e2fe3d786dad5119ed8cdd651bf3e,alta,Chat 09/10: Archon 400; inventario: AVANZADA T-ARCHON 4X4 400CC,Mismo UTV mostrado con tolva normal y basculada; seis imágenes.,si,2026-10-10
Avanzada T-Archon 400 4x4,avanzada-t-archon-400,rojo-negro,https://ik.imagekit.io/szxayxbmb/asisa-motos/modelos/avanzada-t-archon-400/rojo-negro/IMG-20261009-WA0029.jpg,https://ik.imagekit.io/szxayxbmb/asisa-motos/modelos/avanzada-t-archon-400/rojo-negro/IMG-20261009-WA0029.jpg?tr=orig-true,6aca6004ead997d09a9deff7,/asisa-motos/modelos/avanzada-t-archon-400/rojo-negro/IMG-20261009-WA0029.jpg,IMG-20261009-WA0029.jpg,959,1280,e0099cad4249ff8a78068d76105f1f0d1758e1a779037229f91acadf97e51ba0,alta,Chat 09/10: Archon 400; inventario: AVANZADA T-ARCHON 4X4 400CC,Mismo UTV mostrado con tolva normal y basculada; seis imágenes.,si,2026-10-10
Dazon 200,dazon-200,negro,https://ik.imagekit.io/szxayxbmb/asisa-motos/modelos/dazon-200/negro/IMG-20261009-WA0018.jpg,https://ik.imagekit.io/szxayxbmb/asisa-motos/modelos/dazon-200/negro/IMG-20261009-WA0018.jpg?tr=orig-true,6aca6005ead997d09a9df321,/asisa-motos/modelos/dazon-200/negro/IMG-20261009-WA0018.jpg,IMG-20261009-WA0018.jpg,1280,720,014bae99d3e8dc39c3f58854dca4205c541c2e40a5266d50b5b6eb48dae6345e,alta,Chat 09/10: Dazon 200; marca DAZON en caja y frente; inventario contiene DAZON DZ200Q1,"La foto es negra, mientras que la unidad DZ200Q1 que figura en el inventario es azul; no se valida que sea la misma unidad o variante.",si,2026-10-10
Dazon 200,dazon-200,negro,https://ik.imagekit.io/szxayxbmb/asisa-motos/modelos/dazon-200/negro/IMG-20261009-WA0020.jpg,https://ik.imagekit.io/szxayxbmb/asisa-motos/modelos/dazon-200/negro/IMG-20261009-WA0020.jpg?tr=orig-true,6aca6006ead997d09a9df757,/asisa-motos/modelos/dazon-200/negro/IMG-20261009-WA0020.jpg,IMG-20261009-WA0020.jpg,720,1280,60c1277728f2f0e24b03539bae9b97428adfb8e055e4cd58d0b5e0c7ea586335,alta,Chat 09/10: Dazon 200; marca DAZON en caja y frente; inventario contiene DAZON DZ200Q1,"La foto es negra, mientras que la unidad DZ200Q1 que figura en el inventario es azul; no se valida que sea la misma unidad o variante.",si,2026-10-10
Dazon 200,dazon-200,negro,https://ik.imagekit.io/szxayxbmb/asisa-motos/modelos/dazon-200/negro/IMG-20261009-WA0022.jpg,https://ik.imagekit.io/szxayxbmb/asisa-motos/modelos/dazon-200/negro/IMG-20261009-WA0022.jpg?tr=orig-true,6aca6007ead997d09a9df93d,/asisa-motos/modelos/dazon-200/negro/IMG-20261009-WA0022.jpg,IMG-20261009-WA0022.jpg,1280,720,196197a9ddd492b9734edbc15c81a32ce3097df665c369318b3719e3d525f20d,alta,Chat 09/10: Dazon 200; marca DAZON en caja y frente; inventario contiene DAZON DZ200Q1,"La foto es negra, mientras que la unidad DZ200Q1 que figura en el inventario es azul; no se valida que sea la misma unidad o variante.",si,2026-10-10
Dazon 200,dazon-200,negro,https://ik.imagekit.io/szxayxbmb/asisa-motos/modelos/dazon-200/negro/IMG-20261009-WA0024.jpg,https://ik.imagekit.io/szxayxbmb/asisa-motos/modelos/dazon-200/negro/IMG-20261009-WA0024.jpg?tr=orig-true,6aca6008ead997d09a9dfc83,/asisa-motos/modelos/dazon-200/negro/IMG-20261009-WA0024.jpg,IMG-20261009-WA0024.jpg,720,1280,56b26f8f79ae62be2bea3bf921a8f1e10b1b064c1c64d5cb925f5d62604ccf9f,alta,Chat 09/10: Dazon 200; marca DAZON en caja y frente; inventario contiene DAZON DZ200Q1,"La foto es negra, mientras que la unidad DZ200Q1 que figura en el inventario es azul; no se valida que sea la misma unidad o variante.",si,2026-10-10
Piaggio APE DX400,piaggio-ape-dx400,rojo,https://ik.imagekit.io/szxayxbmb/asisa-motos/modelos/piaggio-ape-dx400/rojo/IMG-20261009-WA0013.jpg,https://ik.imagekit.io/szxayxbmb/asisa-motos/modelos/piaggio-ape-dx400/rojo/IMG-20261009-WA0013.jpg?tr=orig-true,6aca6009ead997d09a9dff62,/asisa-motos/modelos/piaggio-ape-dx400/rojo/IMG-20261009-WA0013.jpg,IMG-20261009-WA0013.jpg,1280,720,d32f86b965c61335c2fbf777a23f25e4347a70856923c7ba1cb4e479472d7ae4,alta,Chat 09/10: Piaggio 400; inventario: PIAGGIO APE DX400 BLANCO,Color corregido de blanco a rojo por revisión visual de las cuatro fotos originales.,si,2026-10-10
Piaggio APE DX400,piaggio-ape-dx400,rojo,https://ik.imagekit.io/szxayxbmb/asisa-motos/modelos/piaggio-ape-dx400/rojo/IMG-20261009-WA0015.jpg,https://ik.imagekit.io/szxayxbmb/asisa-motos/modelos/piaggio-ape-dx400/rojo/IMG-20261009-WA0015.jpg?tr=orig-true,6aca600aead997d09a9e02b3,/asisa-motos/modelos/piaggio-ape-dx400/rojo/IMG-20261009-WA0015.jpg,IMG-20261009-WA0015.jpg,720,1280,80f267d0c5432c51a7af3725ce016d70cbb8f5e86c7ec088c72b9bbf80d15e55,alta,Chat 09/10: Piaggio 400; inventario: PIAGGIO APE DX400 BLANCO,Color corregido de blanco a rojo por revisión visual de las cuatro fotos originales.,si,2026-10-10
Piaggio APE DX400,piaggio-ape-dx400,rojo,https://ik.imagekit.io/szxayxbmb/asisa-motos/modelos/piaggio-ape-dx400/rojo/IMG-20261009-WA0019.jpg,https://ik.imagekit.io/szxayxbmb/asisa-motos/modelos/piaggio-ape-dx400/rojo/IMG-20261009-WA0019.jpg?tr=orig-true,6aca600bead997d09a9e05c6,/asisa-motos/modelos/piaggio-ape-dx400/rojo/IMG-20261009-WA0019.jpg,IMG-20261009-WA0019.jpg,1280,720,346bd520d574adfd06ac6ae28a08a7c1ee079967eaf0c5b6a8fb1400718cc471,alta,Chat 09/10: Piaggio 400; inventario: PIAGGIO APE DX400 BLANCO,Color corregido de blanco a rojo por revisión visual de las cuatro fotos originales.,si,2026-10-10
Piaggio APE DX400,piaggio-ape-dx400,rojo,https://ik.imagekit.io/szxayxbmb/asisa-motos/modelos/piaggio-ape-dx400/rojo/IMG-20261009-WA0023.jpg,https://ik.imagekit.io/szxayxbmb/asisa-motos/modelos/piaggio-ape-dx400/rojo/IMG-20261009-WA0023.jpg?tr=orig-true,6aca600bead997d09a9e07c3,/asisa-motos/modelos/piaggio-ape-dx400/rojo/IMG-20261009-WA0023.jpg,IMG-20261009-WA0023.jpg,720,1280,fc330a8a5d924f0d88a9d6d032fc328d726bb5693671e7e8dc661b019ff67ebf,alta,Chat 09/10: Piaggio 400; inventario: PIAGGIO APE DX400 BLANCO,Color corregido de blanco a rojo por revisión visual de las cuatro fotos originales.,si,2026-10-10
Treck Rampante 250,treck-rampante-250,rojo,https://ik.imagekit.io/szxayxbmb/asisa-motos/modelos/treck-rampante-250/rojo/IMG-20261009-WA0007.jpg,https://ik.imagekit.io/szxayxbmb/asisa-motos/modelos/treck-rampante-250/rojo/IMG-20261009-WA0007.jpg?tr=orig-true,6aca600cead997d09a9e0c9f,/asisa-motos/modelos/treck-rampante-250/rojo/IMG-20261009-WA0007.jpg,IMG-20261009-WA0007.jpg,1280,960,70e1c5836846142ad23c025beff9ff03db55cc45f1e0a4d81a25f4e8f6202082,alta,Chat 09/10: Rampante 250 trece; marca TRECK en fotografías; inventario: TRECK RAMPANTE 250,Trece parece ser transcripción errónea de Treck; coincidencia visual y del inventario.,si,2026-10-10
Treck Rampante 250,treck-rampante-250,rojo,https://ik.imagekit.io/szxayxbmb/asisa-motos/modelos/treck-rampante-250/rojo/IMG-20261009-WA0008.jpg,https://ik.imagekit.io/szxayxbmb/asisa-motos/modelos/treck-rampante-250/rojo/IMG-20261009-WA0008.jpg?tr=orig-true,6aca600dead997d09a9e1397,/asisa-motos/modelos/treck-rampante-250/rojo/IMG-20261009-WA0008.jpg,IMG-20261009-WA0008.jpg,960,1280,cf13ace65dacb0935cbb89b265ebfa77b5383297ba4d0dc60ae45a1241d1e4af,alta,Chat 09/10: Rampante 250 trece; marca TRECK en fotografías; inventario: TRECK RAMPANTE 250,Trece parece ser transcripción errónea de Treck; coincidencia visual y del inventario.,si,2026-10-10
Treck Rampante 250,treck-rampante-250,rojo,https://ik.imagekit.io/szxayxbmb/asisa-motos/modelos/treck-rampante-250/rojo/IMG-20261009-WA0021.jpg,https://ik.imagekit.io/szxayxbmb/asisa-motos/modelos/treck-rampante-250/rojo/IMG-20261009-WA0021.jpg?tr=orig-true,6aca600eead997d09a9e1695,/asisa-motos/modelos/treck-rampante-250/rojo/IMG-20261009-WA0021.jpg,IMG-20261009-WA0021.jpg,1280,960,bbad4a3d7cbe553b9b4f75f85036b44fc32a4d56bcd85d6d93618d15e9c42b8d,alta,Chat 09/10: Rampante 250 trece; marca TRECK en fotografías; inventario: TRECK RAMPANTE 250,Trece parece ser transcripción errónea de Treck; coincidencia visual y del inventario.,si,2026-10-10
Treck Rampante 250,treck-rampante-250,rojo,https://ik.imagekit.io/szxayxbmb/asisa-motos/modelos/treck-rampante-250/rojo/IMG-20261009-WA0027.jpg,https://ik.imagekit.io/szxayxbmb/asisa-motos/modelos/treck-rampante-250/rojo/IMG-20261009-WA0027.jpg?tr=orig-true,6aca600fead997d09a9e18f2,/asisa-motos/modelos/treck-rampante-250/rojo/IMG-20261009-WA0027.jpg,IMG-20261009-WA0027.jpg,960,1280,2754480ec845c99b5495e5b12fe2f05d35b3efe841146b2489615bc28e4fbecd,alta,Chat 09/10: Rampante 250 trece; marca TRECK en fotografías; inventario: TRECK RAMPANTE 250,Trece parece ser transcripción errónea de Treck; coincidencia visual y del inventario.,si,2026-10-10
