modelo,modelo_slug,color,url,urlOriginal,fileId,filePath,archivo,width,height,sha256,confianza,evidencia,observacion
Avanzada A6 180 Speed,avanzada-a6-180,azul,https://ik.imagekit.io/szxayxbmb/asisa-motos/modelos/avanzada-a6-180/azul/IMG-20261002-WA0033.jpg,https://ik.imagekit.io/szxayxbmb/asisa-motos/modelos/avanzada-a6-180/azul/IMG-20261002-WA0033.jpg?tr=orig-true,6ac95f49ead997d09a731091,/asisa-motos/modelos/avanzada-a6-180/azul/IMG-20261002-WA0033.jpg,IMG-20261002-WA0033.jpg,900,1600,70b00e2d362ad278e1d2525e16053f54f985458dbefaf4c8ac182b9854cc5be4,media,"Serie sin etiqueta, mismo tipo A6; chat etiqueta A6 en siguiente bloque de fotos",
Avanzada A6 180 Speed,avanzada-a6-180,azul,https://ik.imagekit.io/szxayxbmb/asisa-motos/modelos/avanzada-a6-180/azul/IMG-20261002-WA0034.jpg,https://ik.imagekit.io/szxayxbmb/asisa-motos/modelos/avanzada-a6-180/azul/IMG-20261002-WA0034.jpg?tr=orig-true,6ac95f4aead997d09a7314a7,/asisa-motos/modelos/avanzada-a6-180/azul/IMG-20261002-WA0034.jpg,IMG-20261002-WA0034.jpg,900,1600,8311f05fbe6ebd10ad7ae1775e7a0dae614414392e56ed8f96b2f7ee8db498d2,media,"Serie sin etiqueta, mismo tipo A6; chat etiqueta A6 en siguiente bloque de fotos",
Avanzada A6 180 Speed,avanzada-a6-180,azul,https://ik.imagekit.io/szxayxbmb/asisa-motos/modelos/avanzada-a6-180/azul/IMG-20261002-WA0035.jpg,https://ik.imagekit.io/szxayxbmb/asisa-motos/modelos/avanzada-a6-180/azul/IMG-20261002-WA0035.jpg?tr=orig-true,6ac95f4bead997d09a731924,/asisa-motos/modelos/avanzada-a6-180/azul/IMG-20261002-WA0035.jpg,IMG-20261002-WA0035.jpg,1600,900,6145cefd5ad549b03ade4499ca2b8dbe07dd28a1f12818a3341d07e1800385ce,media,"Serie sin etiqueta, mismo tipo A6; chat etiqueta A6 en siguiente bloque de fotos",
Avanzada A6 180 Speed,avanzada-a6-180,azul,https://ik.imagekit.io/szxayxbmb/asisa-motos/modelos/avanzada-a6-180/azul/IMG-20261002-WA0036.jpg,https://ik.imagekit.io/szxayxbmb/asisa-motos/modelos/avanzada-a6-180/azul/IMG-20261002-WA0036.jpg?tr=orig-true,6ac95f4cead997d09a731cac,/asisa-motos/modelos/avanzada-a6-180/azul/IMG-20261002-WA0036.jpg,IMG-20261002-WA0036.jpg,900,1600,6951050a947bd71322d15d50221963e30459303d7ab983f7c00a81e275e1a7e4,media,"Serie sin etiqueta, mismo tipo A6; chat etiqueta A6 en siguiente bloque de fotos",
Avanzada A6 180 Speed,avanzada-a6-180,negro,https://ik.imagekit.io/szxayxbmb/asisa-motos/modelos/avanzada-a6-180/negro/IMG-20261002-WA0037.jpg,https://ik.imagekit.io/szxayxbmb/asisa-motos/modelos/avanzada-a6-180/negro/IMG-20261002-WA0037.jpg?tr=orig-true,6ac95f4dead997d09a73200f,/asisa-motos/modelos/avanzada-a6-180/negro/IMG-20261002-WA0037.jpg,IMG-20261002-WA0037.jpg,900,1600,c40076e5580aebaf6953be4fd6faf704c65ff610b925d8aed3aa5ce505cb262a,alta,Chat 02/10: Avanzada A6 180 speed; inventario: A6*180 motocicleta deportiva,
Avanzada A6 180 Speed,avanzada-a6-180,negro,https://ik.imagekit.io/szxayxbmb/asisa-motos/modelos/avanzada-a6-180/negro/IMG-20261002-WA0038.jpg,https://ik.imagekit.io/szxayxbmb/asisa-motos/modelos/avanzada-a6-180/negro/IMG-20261002-WA0038.jpg?tr=orig-true,6ac95f4eead997d09a7323b1,/asisa-motos/modelos/avanzada-a6-180/negro/IMG-20261002-WA0038.jpg,IMG-20261002-WA0038.jpg,1600,900,c06699cb59ca34054f85505ccea0b8726a75e03a38a1e4eb636a00af66c71ed1,alta,Chat 02/10: Avanzada A6 180 speed; inventario: A6*180 motocicleta deportiva,
Avanzada A6 180 Speed,avanzada-a6-180,negro,https://ik.imagekit.io/szxayxbmb/asisa-motos/modelos/avanzada-a6-180/negro/IMG-20261002-WA0039.jpg,https://ik.imagekit.io/szxayxbmb/asisa-motos/modelos/avanzada-a6-180/negro/IMG-20261002-WA0039.jpg?tr=orig-true,6ac95f4fead997d09a73288b,/asisa-motos/modelos/avanzada-a6-180/negro/IMG-20261002-WA0039.jpg,IMG-20261002-WA0039.jpg,900,1600,4af9d5ebd538721d93b8dcda2c9aad203b162ceb1496db00925d455f87fa8679,alta,Chat 02/10: Avanzada A6 180 speed; inventario: A6*180 motocicleta deportiva,
Avanzada A6 180 Speed,avanzada-a6-180,negro,https://ik.imagekit.io/szxayxbmb/asisa-motos/modelos/avanzada-a6-180/negro/IMG-20261002-WA0040.jpg,https://ik.imagekit.io/szxayxbmb/asisa-motos/modelos/avanzada-a6-180/negro/IMG-20261002-WA0040.jpg?tr=orig-true,6ac95f4fead997d09a732ccd,/asisa-motos/modelos/avanzada-a6-180/negro/IMG-20261002-WA0040.jpg,IMG-20261002-WA0040.jpg,1600,900,e98d31176b0777228d3c09135178ca1377066a4518ebd0cb7be7edfd9255e805,alta,Chat 02/10: Avanzada A6 180 speed; inventario: A6*180 motocicleta deportiva,
Avanzada A6 180 Speed,avanzada-a6-180,rosa,https://ik.imagekit.io/szxayxbmb/asisa-motos/modelos/avanzada-a6-180/rosa/IMG-20261002-WA0029.jpg,https://ik.imagekit.io/szxayxbmb/asisa-motos/modelos/avanzada-a6-180/rosa/IMG-20261002-WA0029.jpg?tr=orig-true,6ac95f50ead997d09a73313e,/asisa-motos/modelos/avanzada-a6-180/rosa/IMG-20261002-WA0029.jpg,IMG-20261002-WA0029.jpg,1600,900,73a7aee6f763d991220956efb4e29cd75de4aa8f41dad741cfa942f66997093c,media,"Serie sin etiqueta, carenado AVANZADA mismo modelo A6; inventario: A6 180 rosa",
Avanzada A6 180 Speed,avanzada-a6-180,rosa,https://ik.imagekit.io/szxayxbmb/asisa-motos/modelos/avanzada-a6-180/rosa/IMG-20261002-WA0030.jpg,https://ik.imagekit.io/szxayxbmb/asisa-motos/modelos/avanzada-a6-180/rosa/IMG-20261002-WA0030.jpg?tr=orig-true,6ac95f51ead997d09a7334d5,/asisa-motos/modelos/avanzada-a6-180/rosa/IMG-20261002-WA0030.jpg,IMG-20261002-WA0030.jpg,1600,900,91ca28c82ef33b1c6148f504c78be805b5996b0ba978935d092b9c05e04daa43,media,"Serie sin etiqueta, carenado AVANZADA mismo modelo A6; inventario: A6 180 rosa",
Avanzada A6 180 Speed,avanzada-a6-180,rosa,https://ik.imagekit.io/szxayxbmb/asisa-motos/modelos/avanzada-a6-180/rosa/IMG-20261002-WA0031.jpg,https://ik.imagekit.io/szxayxbmb/asisa-motos/modelos/avanzada-a6-180/rosa/IMG-20261002-WA0031.jpg?tr=orig-true,6ac95f52ead997d09a7338f9,/asisa-motos/modelos/avanzada-a6-180/rosa/IMG-20261002-WA0031.jpg,IMG-20261002-WA0031.jpg,900,1600,50957322ca75a431626450e1dd3bd7f8830c8a14a997bc5c3cf7a2bb8ad76780,media,"Serie sin etiqueta, carenado AVANZADA mismo modelo A6; inventario: A6 180 rosa",
Avanzada A6 180 Speed,avanzada-a6-180,rosa,https://ik.imagekit.io/szxayxbmb/asisa-motos/modelos/avanzada-a6-180/rosa/IMG-20261002-WA0032.jpg,https://ik.imagekit.io/szxayxbmb/asisa-motos/modelos/avanzada-a6-180/rosa/IMG-20261002-WA0032.jpg?tr=orig-true,6ac95f53ead997d09a733ea4,/asisa-motos/modelos/avanzada-a6-180/rosa/IMG-20261002-WA0032.jpg,IMG-20261002-WA0032.jpg,900,1600,49593d4b42f189c9af33e62747c2168bfd59ef11c042232f95f9891677ee25c3,media,"Serie sin etiqueta, carenado AVANZADA mismo modelo A6; inventario: A6 180 rosa",
Avanzada Amarok 250,avanzada-amarok-250,rojo,https://ik.imagekit.io/szxayxbmb/asisa-motos/modelos/avanzada-amarok-250/rojo/IMG-20260928-WA0027.jpg,https://ik.imagekit.io/szxayxbmb/asisa-motos/modelos/avanzada-amarok-250/rojo/IMG-20260928-WA0027.jpg?tr=orig-true,6ac95f54ead997d09a7344c1,/asisa-motos/modelos/avanzada-amarok-250/rojo/IMG-20260928-WA0027.jpg,IMG-20260928-WA0027.jpg,1280,960,a772fecbd9c742d0a110bff36c59612134a2fd3a747ba5303acf5526e03b5089,media,Logotipo Amarok 4x2 en carenado; inventario: ATV250AK Amarok rojo,Confirmar cilindrada 250 del modelo fotográfico
Avanzada Amarok 250,avanzada-amarok-250,rojo,https://ik.imagekit.io/szxayxbmb/asisa-motos/modelos/avanzada-amarok-250/rojo/IMG-20260928-WA0028.jpg,https://ik.imagekit.io/szxayxbmb/asisa-motos/modelos/avanzada-amarok-250/rojo/IMG-20260928-WA0028.jpg?tr=orig-true,6ac95f55ead997d09a7349ce,/asisa-motos/modelos/avanzada-amarok-250/rojo/IMG-20260928-WA0028.jpg,IMG-20260928-WA0028.jpg,1280,960,3204bdc43dc17f376ecf4dcaacfbb0fbec07bf6090136c1e135f961660c598bc,media,Logotipo Amarok 4x2 en carenado; inventario: ATV250AK Amarok rojo,Confirmar cilindrada 250 del modelo fotográfico
Avanzada Amarok 250,avanzada-amarok-250,rojo,https://ik.imagekit.io/szxayxbmb/asisa-motos/modelos/avanzada-amarok-250/rojo/IMG-20260928-WA0029.jpg,https://ik.imagekit.io/szxayxbmb/asisa-motos/modelos/avanzada-amarok-250/rojo/IMG-20260928-WA0029.jpg?tr=orig-true,6ac95f55ead997d09a735ab5,/asisa-motos/modelos/avanzada-amarok-250/rojo/IMG-20260928-WA0029.jpg,IMG-20260928-WA0029.jpg,960,1280,9a70f34670f6554c6f110a9d04f3375a833f68adfa2d6c35968d08548c9631fb,media,Logotipo Amarok 4x2 en carenado; inventario: ATV250AK Amarok rojo,Confirmar cilindrada 250 del modelo fotográfico
Avanzada Amarok 250,avanzada-amarok-250,rojo,https://ik.imagekit.io/szxayxbmb/asisa-motos/modelos/avanzada-amarok-250/rojo/IMG-20260928-WA0030.jpg,https://ik.imagekit.io/szxayxbmb/asisa-motos/modelos/avanzada-amarok-250/rojo/IMG-20260928-WA0030.jpg?tr=orig-true,6ac95f56ead997d09a7362d1,/asisa-motos/modelos/avanzada-amarok-250/rojo/IMG-20260928-WA0030.jpg,IMG-20260928-WA0030.jpg,960,1280,bc0d3692e91c3eb826619fb7c31b16b7cbd8df7c38fbd68b3ded52611b32b1b6,media,Logotipo Amarok 4x2 en carenado; inventario: ATV250AK Amarok rojo,Confirmar cilindrada 250 del modelo fotográfico
Avanzada Amarok 250,avanzada-amarok-250,rojo,https://ik.imagekit.io/szxayxbmb/asisa-motos/modelos/avanzada-amarok-250/rojo/IMG-20260928-WA0031.jpg,https://ik.imagekit.io/szxayxbmb/asisa-motos/modelos/avanzada-amarok-250/rojo/IMG-20260928-WA0031.jpg?tr=orig-true,6ac95f57ead997d09a7366c4,/asisa-motos/modelos/avanzada-amarok-250/rojo/IMG-20260928-WA0031.jpg,IMG-20260928-WA0031.jpg,1280,960,50e79eb40e5c0b4cccd112bdadbb067a548eab0652ebcd9aa8f3ebf98a327497,media,Logotipo Amarok 4x2 en carenado; inventario: ATV250AK Amarok rojo,Confirmar cilindrada 250 del modelo fotográfico
Avanzada Amarok 300,avanzada-amarok-300,negro-verde,https://ik.imagekit.io/szxayxbmb/asisa-motos/modelos/avanzada-amarok-300/negro-verde/IMG-20260928-WA0004.jpg,https://ik.imagekit.io/szxayxbmb/asisa-motos/modelos/avanzada-amarok-300/negro-verde/IMG-20260928-WA0004.jpg?tr=orig-true,6ac95f58ead997d09a7369a8,/asisa-motos/modelos/avanzada-amarok-300/negro-verde/IMG-20260928-WA0004.jpg,IMG-20260928-WA0004.jpg,960,1280,836fa03a524459c0ea7864da07e7fb87d707e6dcec46c04ccbd32c81b010ad3d,media,Adhesivo visible 300 4x2; inventario: Amarok 300 negro,Confirmar nombre comercial exacto antes de publicar
Avanzada Amarok 300,avanzada-amarok-300,negro-verde,https://ik.imagekit.io/szxayxbmb/asisa-motos/modelos/avanzada-amarok-300/negro-verde/IMG-20260928-WA0005.jpg,https://ik.imagekit.io/szxayxbmb/asisa-motos/modelos/avanzada-amarok-300/negro-verde/IMG-20260928-WA0005.jpg?tr=orig-true,6ac95f59ead997d09a736d5e,/asisa-motos/modelos/avanzada-amarok-300/negro-verde/IMG-20260928-WA0005.jpg,IMG-20260928-WA0005.jpg,960,1280,52bc00843346d817c9a4e63d8f0b8b96f4356419fd58e597528c307d48b61910,media,Adhesivo visible 300 4x2; inventario: Amarok 300 negro,Confirmar nombre comercial exacto antes de publicar
Avanzada Amarok 300,avanzada-amarok-300,negro-verde,https://ik.imagekit.io/szxayxbmb/asisa-motos/modelos/avanzada-amarok-300/negro-verde/IMG-20260928-WA0006.jpg,https://ik.imagekit.io/szxayxbmb/asisa-motos/modelos/avanzada-amarok-300/negro-verde/IMG-20260928-WA0006.jpg?tr=orig-true,6ac95f5aead997d09a7370a9,/asisa-motos/modelos/avanzada-amarok-300/negro-verde/IMG-20260928-WA0006.jpg,IMG-20260928-WA0006.jpg,960,1280,80f3d95a881c651ce751d9e1879f3204244ac5a36a35f87a2e04bcad3786a6ac,media,Adhesivo visible 300 4x2; inventario: Amarok 300 negro,Confirmar nombre comercial exacto antes de publicar
Avanzada Amarok 300,avanzada-amarok-300,negro-verde,https://ik.imagekit.io/szxayxbmb/asisa-motos/modelos/avanzada-amarok-300/negro-verde/IMG-20260928-WA0007.jpg,https://ik.imagekit.io/szxayxbmb/asisa-motos/modelos/avanzada-amarok-300/negro-verde/IMG-20260928-WA0007.jpg?tr=orig-true,6ac95f5bead997d09a737489,/asisa-motos/modelos/avanzada-amarok-300/negro-verde/IMG-20260928-WA0007.jpg,IMG-20260928-WA0007.jpg,960,1280,acf33429554aa051bf734f0870f6bd117f41fae03c870082c432941907b999e9,media,Adhesivo visible 300 4x2; inventario: Amarok 300 negro,Confirmar nombre comercial exacto antes de publicar
Avanzada AMAX 250,avanzada-amax-250,rojo,https://ik.imagekit.io/szxayxbmb/asisa-motos/modelos/avanzada-amax-250/rojo/IMG-20260928-WA0023.jpg,https://ik.imagekit.io/szxayxbmb/asisa-motos/modelos/avanzada-amax-250/rojo/IMG-20260928-WA0023.jpg?tr=orig-true,6ac95f5bead997d09a737881,/asisa-motos/modelos/avanzada-amax-250/rojo/IMG-20260928-WA0023.jpg,IMG-20260928-WA0023.jpg,960,1280,e1ad05e796034804eebf921296720a6ea47b4a4ca3d32a31aa588ae7b21b56b7,alta,Cartel sobre cuatrimoto indica AVANZADA AMAX 250,
Avanzada AMAX 250,avanzada-amax-250,rojo,https://ik.imagekit.io/szxayxbmb/asisa-motos/modelos/avanzada-amax-250/rojo/IMG-20260928-WA0024.jpg,https://ik.imagekit.io/szxayxbmb/asisa-motos/modelos/avanzada-amax-250/rojo/IMG-20260928-WA0024.jpg?tr=orig-true,6ac95f5cead997d09a737ce1,/asisa-motos/modelos/avanzada-amax-250/rojo/IMG-20260928-WA0024.jpg,IMG-20260928-WA0024.jpg,960,1280,8151d8707e7d46e1dfd7a9c87374fa791d2565d3d7a20dc6216f265ebe4b8afd,alta,Cartel sobre cuatrimoto indica AVANZADA AMAX 250,
Avanzada AMAX 250,avanzada-amax-250,rojo,https://ik.imagekit.io/szxayxbmb/asisa-motos/modelos/avanzada-amax-250/rojo/IMG-20260928-WA0025.jpg,https://ik.imagekit.io/szxayxbmb/asisa-motos/modelos/avanzada-amax-250/rojo/IMG-20260928-WA0025.jpg?tr=orig-true,6ac95f5dead997d09a737fe6,/asisa-motos/modelos/avanzada-amax-250/rojo/IMG-20260928-WA0025.jpg,IMG-20260928-WA0025.jpg,960,1280,3bedd15dbf1179f4cb4bb3695bd04e25d89d93cc9aa4f4a6ca2f7c61a8f4c0b6,alta,Cartel sobre cuatrimoto indica AVANZADA AMAX 250,
Avanzada AMAX 250,avanzada-amax-250,rojo,https://ik.imagekit.io/szxayxbmb/asisa-motos/modelos/avanzada-amax-250/rojo/IMG-20260928-WA0026.jpg,https://ik.imagekit.io/szxayxbmb/asisa-motos/modelos/avanzada-amax-250/rojo/IMG-20260928-WA0026.jpg?tr=orig-true,6ac95f5eead997d09a7383ac,/asisa-motos/modelos/avanzada-amax-250/rojo/IMG-20260928-WA0026.jpg,IMG-20260928-WA0026.jpg,960,1280,d39faa18028796b49bbdc8ca66fe5b75c3cf8d816597a0b275f42082cdd4b7fe,alta,Cartel sobre cuatrimoto indica AVANZADA AMAX 250,
Avanzada ATV 400 / Wanderer,avanzada-atv-400-wanderer,azul,https://ik.imagekit.io/szxayxbmb/asisa-motos/modelos/avanzada-atv-400-wanderer/azul/IMG-20260928-WA0008.jpg,https://ik.imagekit.io/szxayxbmb/asisa-motos/modelos/avanzada-atv-400-wanderer/azul/IMG-20260928-WA0008.jpg?tr=orig-true,6ac95f5fead997d09a738738,/asisa-motos/modelos/avanzada-atv-400-wanderer/azul/IMG-20260928-WA0008.jpg,IMG-20260928-WA0008.jpg,960,1280,7860fb1509fafe853c59dd30f0a9d2be7e493e6af6b913f0ca5846fadf16b9bc,media,Adhesivo Wanderer visible; inventario: cuatrimoto ATV400 azul,Confirmar denominación Wanderer/ATV400 antes de publicar
Avanzada ATV 400 / Wanderer,avanzada-atv-400-wanderer,azul,https://ik.imagekit.io/szxayxbmb/asisa-motos/modelos/avanzada-atv-400-wanderer/azul/IMG-20260928-WA0009.jpg,https://ik.imagekit.io/szxayxbmb/asisa-motos/modelos/avanzada-atv-400-wanderer/azul/IMG-20260928-WA0009.jpg?tr=orig-true,6ac95f60ead997d09a738b61,/asisa-motos/modelos/avanzada-atv-400-wanderer/azul/IMG-20260928-WA0009.jpg,IMG-20260928-WA0009.jpg,960,1280,7ae0a26c52b72e4166a8a79362977832c16b46536e1a9a1fbf01bd679b4f8397,media,Adhesivo Wanderer visible; inventario: cuatrimoto ATV400 azul,Confirmar denominación Wanderer/ATV400 antes de publicar
Avanzada ATV 400 / Wanderer,avanzada-atv-400-wanderer,azul,https://ik.imagekit.io/szxayxbmb/asisa-motos/modelos/avanzada-atv-400-wanderer/azul/IMG-20260928-WA0010.jpg,https://ik.imagekit.io/szxayxbmb/asisa-motos/modelos/avanzada-atv-400-wanderer/azul/IMG-20260928-WA0010.jpg?tr=orig-true,6ac95f60ead997d09a738eca,/asisa-motos/modelos/avanzada-atv-400-wanderer/azul/IMG-20260928-WA0010.jpg,IMG-20260928-WA0010.jpg,960,1280,17853d97a46e1ee52baebd2b619afbb4927930d71291a9445057841655b2d445,media,Adhesivo Wanderer visible; inventario: cuatrimoto ATV400 azul,Confirmar denominación Wanderer/ATV400 antes de publicar
Avanzada ATV 400 / Wanderer,avanzada-atv-400-wanderer,azul,https://ik.imagekit.io/szxayxbmb/asisa-motos/modelos/avanzada-atv-400-wanderer/azul/IMG-20260928-WA0011.jpg,https://ik.imagekit.io/szxayxbmb/asisa-motos/modelos/avanzada-atv-400-wanderer/azul/IMG-20260928-WA0011.jpg?tr=orig-true,6ac95f61ead997d09a73920e,/asisa-motos/modelos/avanzada-atv-400-wanderer/azul/IMG-20260928-WA0011.jpg,IMG-20260928-WA0011.jpg,960,1280,5bf78e9e691cac3fe40450eb99c1021b3f66f816323c4593ce5a2066f21d440e,media,Adhesivo Wanderer visible; inventario: cuatrimoto ATV400 azul,Confirmar denominación Wanderer/ATV400 antes de publicar
Avanzada Buffy A5 180,avanzada-buffy-a5-180,naranja,https://ik.imagekit.io/szxayxbmb/asisa-motos/modelos/avanzada-buffy-a5-180/naranja/IMG-20261002-WA0041.jpg,https://ik.imagekit.io/szxayxbmb/asisa-motos/modelos/avanzada-buffy-a5-180/naranja/IMG-20261002-WA0041.jpg?tr=orig-true,6ac95f62ead997d09a73958a,/asisa-motos/modelos/avanzada-buffy-a5-180/naranja/IMG-20261002-WA0041.jpg,IMG-20261002-WA0041.jpg,1198,1600,5b583dbb8d45a920a7ac4e586c48dc71e6452ce0262d6b599dbaa1c624d4deb9,alta,Chat 02/10: Buffy A5 180cc; logo Buffy en carrocería,
Avanzada Buffy A5 180,avanzada-buffy-a5-180,naranja,https://ik.imagekit.io/szxayxbmb/asisa-motos/modelos/avanzada-buffy-a5-180/naranja/IMG-20261002-WA0042.jpg,https://ik.imagekit.io/szxayxbmb/asisa-motos/modelos/avanzada-buffy-a5-180/naranja/IMG-20261002-WA0042.jpg?tr=orig-true,6ac95f63ead997d09a739e7d,/asisa-motos/modelos/avanzada-buffy-a5-180/naranja/IMG-20261002-WA0042.jpg,IMG-20261002-WA0042.jpg,1600,1198,d1fa09babbdba81d19665e08c75730566c1f25237954ad6fccebd199402f9a2d,alta,Chat 02/10: Buffy A5 180cc; logo Buffy en carrocería,
Avanzada Buffy A5 180,avanzada-buffy-a5-180,naranja,https://ik.imagekit.io/szxayxbmb/asisa-motos/modelos/avanzada-buffy-a5-180/naranja/IMG-20261002-WA0043.jpg,https://ik.imagekit.io/szxayxbmb/asisa-motos/modelos/avanzada-buffy-a5-180/naranja/IMG-20261002-WA0043.jpg?tr=orig-true,6ac95f64ead997d09a73a4a3,/asisa-motos/modelos/avanzada-buffy-a5-180/naranja/IMG-20261002-WA0043.jpg,IMG-20261002-WA0043.jpg,1198,1600,186d210fbd346e33c4c482dea820a682a360d289556a378bd8d98cf67ce68c1e,alta,Chat 02/10: Buffy A5 180cc; logo Buffy en carrocería,
Avanzada Buffy A5 180,avanzada-buffy-a5-180,naranja,https://ik.imagekit.io/szxayxbmb/asisa-motos/modelos/avanzada-buffy-a5-180/naranja/IMG-20261002-WA0044.jpg,https://ik.imagekit.io/szxayxbmb/asisa-motos/modelos/avanzada-buffy-a5-180/naranja/IMG-20261002-WA0044.jpg?tr=orig-true,6ac95f65ead997d09a73a8ba,/asisa-motos/modelos/avanzada-buffy-a5-180/naranja/IMG-20261002-WA0044.jpg,IMG-20261002-WA0044.jpg,1198,1600,a967750fa47f6ce278daae4cd2f12b30e9c09415ed32c5884e0fcf215f31346a,alta,Chat 02/10: Buffy A5 180cc; logo Buffy en carrocería,
Avanzada Buffy A5 180,avanzada-buffy-a5-180,rojo,https://ik.imagekit.io/szxayxbmb/asisa-motos/modelos/avanzada-buffy-a5-180/rojo/IMG-20261002-WA0045.jpg,https://ik.imagekit.io/szxayxbmb/asisa-motos/modelos/avanzada-buffy-a5-180/rojo/IMG-20261002-WA0045.jpg?tr=orig-true,6ac95f66ead997d09a73ad24,/asisa-motos/modelos/avanzada-buffy-a5-180/rojo/IMG-20261002-WA0045.jpg,IMG-20261002-WA0045.jpg,900,1600,5d305dc5c5512afa6eb60d1f726051364a57ded0bd7f33f012d93dab9b72afb8,media,Chat 02/10: Roja; mismo scooter Buffy del bloque anterior; inventario A5*180 rojo,
Avanzada Buffy A5 180,avanzada-buffy-a5-180,rojo,https://ik.imagekit.io/szxayxbmb/asisa-motos/modelos/avanzada-buffy-a5-180/rojo/IMG-20261002-WA0046.jpg,https://ik.imagekit.io/szxayxbmb/asisa-motos/modelos/avanzada-buffy-a5-180/rojo/IMG-20261002-WA0046.jpg?tr=orig-true,6ac95f67ead997d09a73b081,/asisa-motos/modelos/avanzada-buffy-a5-180/rojo/IMG-20261002-WA0046.jpg,IMG-20261002-WA0046.jpg,900,1600,2f3cd65343cb955cd925a69632eee76b6473b27c97ae59d61528eb9cda1ffab2,media,Chat 02/10: Roja; mismo scooter Buffy del bloque anterior; inventario A5*180 rojo,
Avanzada Buffy A5 180,avanzada-buffy-a5-180,rojo,https://ik.imagekit.io/szxayxbmb/asisa-motos/modelos/avanzada-buffy-a5-180/rojo/IMG-20261002-WA0047.jpg,https://ik.imagekit.io/szxayxbmb/asisa-motos/modelos/avanzada-buffy-a5-180/rojo/IMG-20261002-WA0047.jpg?tr=orig-true,6ac95f67ead997d09a73b352,/asisa-motos/modelos/avanzada-buffy-a5-180/rojo/IMG-20261002-WA0047.jpg,IMG-20261002-WA0047.jpg,1600,900,aa10386f25cd7f42eca29f6c3ef7bd6445bd5fca3311a7b7240f910393cf7691,media,Chat 02/10: Roja; mismo scooter Buffy del bloque anterior; inventario A5*180 rojo,
Avanzada Buffy A5 180,avanzada-buffy-a5-180,rojo,https://ik.imagekit.io/szxayxbmb/asisa-motos/modelos/avanzada-buffy-a5-180/rojo/IMG-20261002-WA0048.jpg,https://ik.imagekit.io/szxayxbmb/asisa-motos/modelos/avanzada-buffy-a5-180/rojo/IMG-20261002-WA0048.jpg?tr=orig-true,6ac95f68ead997d09a73b77a,/asisa-motos/modelos/avanzada-buffy-a5-180/rojo/IMG-20261002-WA0048.jpg,IMG-20261002-WA0048.jpg,900,1600,970efc247efca4df1fc5b62b0433ffe59d8b1bc580c6291443c8c0fe77da8500,media,Chat 02/10: Roja; mismo scooter Buffy del bloque anterior; inventario A5*180 rojo,
Avanzada Mini Cross,avanzada-mini-cross,azul,https://ik.imagekit.io/szxayxbmb/asisa-motos/modelos/avanzada-mini-cross/azul/IMG-20261002-WA0009.jpg,https://ik.imagekit.io/szxayxbmb/asisa-motos/modelos/avanzada-mini-cross/azul/IMG-20261002-WA0009.jpg?tr=orig-true,6ac95f69ead997d09a73bb9e,/asisa-motos/modelos/avanzada-mini-cross/azul/IMG-20261002-WA0009.jpg,IMG-20261002-WA0009.jpg,1600,900,c0a6093439977b35b0c845b11c1346d8d066cf75fb873a4497d6197b49f8c696,alta,Chat 02/10: Mini cross; inventario Avanzada Minicross azul,
Avanzada Mini Cross,avanzada-mini-cross,azul,https://ik.imagekit.io/szxayxbmb/asisa-motos/modelos/avanzada-mini-cross/azul/IMG-20261002-WA0010.jpg,https://ik.imagekit.io/szxayxbmb/asisa-motos/modelos/avanzada-mini-cross/azul/IMG-20261002-WA0010.jpg?tr=orig-true,6ac95f6aead997d09a73beb5,/asisa-motos/modelos/avanzada-mini-cross/azul/IMG-20261002-WA0010.jpg,IMG-20261002-WA0010.jpg,900,1600,fb30deb8852477e6e9934c08ff47333f93ff1ab7bd75768419cc76127e13bbf0,alta,Chat 02/10: Mini cross; inventario Avanzada Minicross azul,
Avanzada Mini Cross,avanzada-mini-cross,azul,https://ik.imagekit.io/szxayxbmb/asisa-motos/modelos/avanzada-mini-cross/azul/IMG-20261002-WA0011.jpg,https://ik.imagekit.io/szxayxbmb/asisa-motos/modelos/avanzada-mini-cross/azul/IMG-20261002-WA0011.jpg?tr=orig-true,6ac95f6bead997d09a73c480,/asisa-motos/modelos/avanzada-mini-cross/azul/IMG-20261002-WA0011.jpg,IMG-20261002-WA0011.jpg,1600,900,cd767dc5e775fab51671d123ff40a94edcdddb379681ce5e7209ea6da6ec71ad,alta,Chat 02/10: Mini cross; inventario Avanzada Minicross azul,
Avanzada Mini Cross,avanzada-mini-cross,azul,https://ik.imagekit.io/szxayxbmb/asisa-motos/modelos/avanzada-mini-cross/azul/IMG-20261002-WA0012.jpg,https://ik.imagekit.io/szxayxbmb/asisa-motos/modelos/avanzada-mini-cross/azul/IMG-20261002-WA0012.jpg?tr=orig-true,6ac95f6cead997d09a73caf0,/asisa-motos/modelos/avanzada-mini-cross/azul/IMG-20261002-WA0012.jpg,IMG-20261002-WA0012.jpg,900,1600,fbaa28607fa87c1763f3f5375257a682529973f52f12c50346fca3f8e918f86d,alta,Chat 02/10: Mini cross; inventario Avanzada Minicross azul,
Avanzada Mini Cross,avanzada-mini-cross,rojo,https://ik.imagekit.io/szxayxbmb/asisa-motos/modelos/avanzada-mini-cross/rojo/IMG-20261002-WA0013.jpg,https://ik.imagekit.io/szxayxbmb/asisa-motos/modelos/avanzada-mini-cross/rojo/IMG-20261002-WA0013.jpg?tr=orig-true,6ac95f6cead997d09a73cf03,/asisa-motos/modelos/avanzada-mini-cross/rojo/IMG-20261002-WA0013.jpg,IMG-20261002-WA0013.jpg,900,1600,41a0f147ca05e7b43431a60096a093f6be45937f191395697498ff9e751e6f80,alta,Chat 02/10: Mini cross; inventario Avanzada Minicross rojo,
Avanzada Mini Cross,avanzada-mini-cross,rojo,https://ik.imagekit.io/szxayxbmb/asisa-motos/modelos/avanzada-mini-cross/rojo/IMG-20261002-WA0014.jpg,https://ik.imagekit.io/szxayxbmb/asisa-motos/modelos/avanzada-mini-cross/rojo/IMG-20261002-WA0014.jpg?tr=orig-true,6ac95f6dead997d09a73d297,/asisa-motos/modelos/avanzada-mini-cross/rojo/IMG-20261002-WA0014.jpg,IMG-20261002-WA0014.jpg,900,1600,143628eefc30550bbbfa6f0f2d9e54833c900e2dfc49701b194ff1b29777429b,alta,Chat 02/10: Mini cross; inventario Avanzada Minicross rojo,
Avanzada Mini Cross,avanzada-mini-cross,rojo,https://ik.imagekit.io/szxayxbmb/asisa-motos/modelos/avanzada-mini-cross/rojo/IMG-20261002-WA0015.jpg,https://ik.imagekit.io/szxayxbmb/asisa-motos/modelos/avanzada-mini-cross/rojo/IMG-20261002-WA0015.jpg?tr=orig-true,6ac95f6eead997d09a73d631,/asisa-motos/modelos/avanzada-mini-cross/rojo/IMG-20261002-WA0015.jpg,IMG-20261002-WA0015.jpg,1600,900,8c6d03240acc7736c4573d12bee506468b3e8cc8aaf3004008239d26aef04658,alta,Chat 02/10: Mini cross; inventario Avanzada Minicross rojo,
Avanzada Mini Cross,avanzada-mini-cross,rojo,https://ik.imagekit.io/szxayxbmb/asisa-motos/modelos/avanzada-mini-cross/rojo/IMG-20261002-WA0016.jpg,https://ik.imagekit.io/szxayxbmb/asisa-motos/modelos/avanzada-mini-cross/rojo/IMG-20261002-WA0016.jpg?tr=orig-true,6ac95f6fead997d09a73d9bf,/asisa-motos/modelos/avanzada-mini-cross/rojo/IMG-20261002-WA0016.jpg,IMG-20261002-WA0016.jpg,1600,900,3b596b600b77cb957ad1d3abdf7367a4647c489bb1fe776b7cf1b637c6da5e5d,alta,Chat 02/10: Mini cross; inventario Avanzada Minicross rojo,
Avanzada Q5 50cc,avanzada-q5-50,multicolor,https://ik.imagekit.io/szxayxbmb/asisa-motos/modelos/avanzada-q5-50/multicolor/IMG-20261002-WA0021.jpg,https://ik.imagekit.io/szxayxbmb/asisa-motos/modelos/avanzada-q5-50/multicolor/IMG-20261002-WA0021.jpg?tr=orig-true,6ac95f70ead997d09a73de6c,/asisa-motos/modelos/avanzada-q5-50/multicolor/IMG-20261002-WA0021.jpg,IMG-20261002-WA0021.jpg,900,1600,3e2366f0baaf675e91b449b9f039968b66be1bf35123207b89cc566f156291ad,media,Bloque siguiente sin rótulo; mismo diseño del Q5*50 previo e inventario Q5*50 amarillo,Confirmar variante de color multicolor
Avanzada Q5 50cc,avanzada-q5-50,multicolor,https://ik.imagekit.io/szxayxbmb/asisa-motos/modelos/avanzada-q5-50/multicolor/IMG-20261002-WA0022.jpg,https://ik.imagekit.io/szxayxbmb/asisa-motos/modelos/avanzada-q5-50/multicolor/IMG-20261002-WA0022.jpg?tr=orig-true,6ac95f71ead997d09a73e229,/asisa-motos/modelos/avanzada-q5-50/multicolor/IMG-20261002-WA0022.jpg,IMG-20261002-WA0022.jpg,1600,900,547dfe2d49799329ee32bef052c0f43a1b65ea4883823e5b0df6371f946607ef,media,Bloque siguiente sin rótulo; mismo diseño del Q5*50 previo e inventario Q5*50 amarillo,Confirmar variante de color multicolor
Avanzada Q5 50cc,avanzada-q5-50,multicolor,https://ik.imagekit.io/szxayxbmb/asisa-motos/modelos/avanzada-q5-50/multicolor/IMG-20261002-WA0023.jpg,https://ik.imagekit.io/szxayxbmb/asisa-motos/modelos/avanzada-q5-50/multicolor/IMG-20261002-WA0023.jpg?tr=orig-true,6ac95f72ead997d09a73e59c,/asisa-motos/modelos/avanzada-q5-50/multicolor/IMG-20261002-WA0023.jpg,IMG-20261002-WA0023.jpg,1600,900,ed2bfc07f008d3f7fde8ad2d41363626e853b2d573c9c6fcd73e3bb95fc33e65,media,Bloque siguiente sin rótulo; mismo diseño del Q5*50 previo e inventario Q5*50 amarillo,Confirmar variante de color multicolor
Avanzada Q5 50cc,avanzada-q5-50,multicolor,https://ik.imagekit.io/szxayxbmb/asisa-motos/modelos/avanzada-q5-50/multicolor/IMG-20261002-WA0024.jpg,https://ik.imagekit.io/szxayxbmb/asisa-motos/modelos/avanzada-q5-50/multicolor/IMG-20261002-WA0024.jpg?tr=orig-true,6ac95f72ead997d09a73ea36,/asisa-motos/modelos/avanzada-q5-50/multicolor/IMG-20261002-WA0024.jpg,IMG-20261002-WA0024.jpg,900,1600,8a2280a597a1758296c3cfb50d6e4a9e87ffa37f5cffd656ae4649d52ee1dc06,media,Bloque siguiente sin rótulo; mismo diseño del Q5*50 previo e inventario Q5*50 amarillo,Confirmar variante de color multicolor
Avanzada Q5 50cc,avanzada-q5-50,rojo,https://ik.imagekit.io/szxayxbmb/asisa-motos/modelos/avanzada-q5-50/rojo/IMG-20261002-WA0017.jpg,https://ik.imagekit.io/szxayxbmb/asisa-motos/modelos/avanzada-q5-50/rojo/IMG-20261002-WA0017.jpg?tr=orig-true,6ac95f73ead997d09a73f585,/asisa-motos/modelos/avanzada-q5-50/rojo/IMG-20261002-WA0017.jpg,IMG-20261002-WA0017.jpg,1600,900,c0edf35a0305dcf0087a7f7a79d743c4316aa6d25e4bbea047ef735a86088322,alta,Chat 02/10: Q5* 50cc avanzada,
Avanzada Q5 50cc,avanzada-q5-50,rojo,https://ik.imagekit.io/szxayxbmb/asisa-motos/modelos/avanzada-q5-50/rojo/IMG-20261002-WA0018.jpg,https://ik.imagekit.io/szxayxbmb/asisa-motos/modelos/avanzada-q5-50/rojo/IMG-20261002-WA0018.jpg?tr=orig-true,6ac95f74ead997d09a73f903,/asisa-motos/modelos/avanzada-q5-50/rojo/IMG-20261002-WA0018.jpg,IMG-20261002-WA0018.jpg,900,1600,9de3380522a816a1cb8287d15c8d362dce6dcc61933a603d4ec016011de8eb68,alta,Chat 02/10: Q5* 50cc avanzada,
Avanzada Q5 50cc,avanzada-q5-50,rojo,https://ik.imagekit.io/szxayxbmb/asisa-motos/modelos/avanzada-q5-50/rojo/IMG-20261002-WA0019.jpg,https://ik.imagekit.io/szxayxbmb/asisa-motos/modelos/avanzada-q5-50/rojo/IMG-20261002-WA0019.jpg?tr=orig-true,6ac95f75ead997d09a73fd24,/asisa-motos/modelos/avanzada-q5-50/rojo/IMG-20261002-WA0019.jpg,IMG-20261002-WA0019.jpg,900,1600,29f729c26f005dacc20e579c9d78f20d5eaad83e76dd11e0077b8348581f344d,alta,Chat 02/10: Q5* 50cc avanzada,
Avanzada Q5 50cc,avanzada-q5-50,rojo,https://ik.imagekit.io/szxayxbmb/asisa-motos/modelos/avanzada-q5-50/rojo/IMG-20261002-WA0020.jpg,https://ik.imagekit.io/szxayxbmb/asisa-motos/modelos/avanzada-q5-50/rojo/IMG-20261002-WA0020.jpg?tr=orig-true,6ac95f76ead997d09a740053,/asisa-motos/modelos/avanzada-q5-50/rojo/IMG-20261002-WA0020.jpg,IMG-20261002-WA0020.jpg,1600,900,1c7814cc8ba9c516591454cde62ecebdc18c44011ceb7772ff3419653a552547,alta,Chat 02/10: Q5* 50cc avanzada,
Avanzada Q6 50cc,avanzada-q6-50,azul,https://ik.imagekit.io/szxayxbmb/asisa-motos/modelos/avanzada-q6-50/azul/IMG-20261002-WA0025.jpg,https://ik.imagekit.io/szxayxbmb/asisa-motos/modelos/avanzada-q6-50/azul/IMG-20261002-WA0025.jpg?tr=orig-true,6ac95f77ead997d09a740436,/asisa-motos/modelos/avanzada-q6-50/azul/IMG-20261002-WA0025.jpg,IMG-20261002-WA0025.jpg,900,1600,416749b7277ad17fdb1f97b109bd65c0756529907c1bb12fb2cbed8c2c12b114,alta,Chat 02/10: Q6 50cc,
Avanzada Q6 50cc,avanzada-q6-50,azul,https://ik.imagekit.io/szxayxbmb/asisa-motos/modelos/avanzada-q6-50/azul/IMG-20261002-WA0026.jpg,https://ik.imagekit.io/szxayxbmb/asisa-motos/modelos/avanzada-q6-50/azul/IMG-20261002-WA0026.jpg?tr=orig-true,6ac95f78ead997d09a740829,/asisa-motos/modelos/avanzada-q6-50/azul/IMG-20261002-WA0026.jpg,IMG-20261002-WA0026.jpg,900,1600,cb83899361baf119cc7d305165270d18b4e2528376b968bd855660ea29926ae4,alta,Chat 02/10: Q6 50cc,
Avanzada Q6 50cc,avanzada-q6-50,azul,https://ik.imagekit.io/szxayxbmb/asisa-motos/modelos/avanzada-q6-50/azul/IMG-20261002-WA0027.jpg,https://ik.imagekit.io/szxayxbmb/asisa-motos/modelos/avanzada-q6-50/azul/IMG-20261002-WA0027.jpg?tr=orig-true,6ac95f78ead997d09a740c03,/asisa-motos/modelos/avanzada-q6-50/azul/IMG-20261002-WA0027.jpg,IMG-20261002-WA0027.jpg,900,1600,524c774a01f9362c8d2ae96a7aa7bcab82770e20afe48ef227e35338eaa57730,alta,Chat 02/10: Q6 50cc,
Avanzada Q6 50cc,avanzada-q6-50,azul,https://ik.imagekit.io/szxayxbmb/asisa-motos/modelos/avanzada-q6-50/azul/IMG-20261002-WA0028.jpg,https://ik.imagekit.io/szxayxbmb/asisa-motos/modelos/avanzada-q6-50/azul/IMG-20261002-WA0028.jpg?tr=orig-true,6ac95f79ead997d09a740f24,/asisa-motos/modelos/avanzada-q6-50/azul/IMG-20261002-WA0028.jpg,IMG-20261002-WA0028.jpg,900,1600,28bde3675172ca302e80e70161aaf04a066ff6f5bcb3649728df3a97d0d9a7d7,alta,Chat 02/10: Q6 50cc,
Avanzada Q9 200 Raptor,avanzada-q9-200-raptor,azul-verde,https://ik.imagekit.io/szxayxbmb/asisa-motos/modelos/avanzada-q9-200-raptor/azul-verde/IMG-20260930-WA0014.jpg,https://ik.imagekit.io/szxayxbmb/asisa-motos/modelos/avanzada-q9-200-raptor/azul-verde/IMG-20260930-WA0014.jpg?tr=orig-true,6ac95f7aead997d09a74130c,/asisa-motos/modelos/avanzada-q9-200-raptor/azul-verde/IMG-20260930-WA0014.jpg,IMG-20260930-WA0014.jpg,900,1600,0d1b14a544943c1b9188debe68fa0b1c867ac3c13253ec75df6f59ea38568ccc,alta,Chat 30/09: Q9 200cc / Todas son Q9 200cc; rotulado Raptor en carrocería,
Avanzada Q9 200 Raptor,avanzada-q9-200-raptor,azul-verde,https://ik.imagekit.io/szxayxbmb/asisa-motos/modelos/avanzada-q9-200-raptor/azul-verde/IMG-20260930-WA0015.jpg,https://ik.imagekit.io/szxayxbmb/asisa-motos/modelos/avanzada-q9-200-raptor/azul-verde/IMG-20260930-WA0015.jpg?tr=orig-true,6ac95f7bead997d09a74161d,/asisa-motos/modelos/avanzada-q9-200-raptor/azul-verde/IMG-20260930-WA0015.jpg,IMG-20260930-WA0015.jpg,1600,900,168eea4446cf73b89ce492eec2d25765fb7d9fbd683c335c66ce278b6d062058,alta,Chat 30/09: Q9 200cc / Todas son Q9 200cc; rotulado Raptor en carrocería,
Avanzada Q9 200 Raptor,avanzada-q9-200-raptor,azul-verde,https://ik.imagekit.io/szxayxbmb/asisa-motos/modelos/avanzada-q9-200-raptor/azul-verde/IMG-20260930-WA0016.jpg,https://ik.imagekit.io/szxayxbmb/asisa-motos/modelos/avanzada-q9-200-raptor/azul-verde/IMG-20260930-WA0016.jpg?tr=orig-true,6ac95f7bead997d09a741b29,/asisa-motos/modelos/avanzada-q9-200-raptor/azul-verde/IMG-20260930-WA0016.jpg,IMG-20260930-WA0016.jpg,1600,900,75058bce253387b2256e91a1b8bb7f8ce7bea4badfa9f3743ffe45651544fb39,alta,Chat 30/09: Q9 200cc / Todas son Q9 200cc; rotulado Raptor en carrocería,
Avanzada Q9 200 Raptor,avanzada-q9-200-raptor,azul-verde,https://ik.imagekit.io/szxayxbmb/asisa-motos/modelos/avanzada-q9-200-raptor/azul-verde/IMG-20260930-WA0017.jpg,https://ik.imagekit.io/szxayxbmb/asisa-motos/modelos/avanzada-q9-200-raptor/azul-verde/IMG-20260930-WA0017.jpg?tr=orig-true,6ac95f7cead997d09a741f1a,/asisa-motos/modelos/avanzada-q9-200-raptor/azul-verde/IMG-20260930-WA0017.jpg,IMG-20260930-WA0017.jpg,900,1600,db203e40f71308156fc86413c240b9df09c84642dda7d66979dad96a3f41c228,alta,Chat 30/09: Q9 200cc / Todas son Q9 200cc; rotulado Raptor en carrocería,
Avanzada Q9 200 Raptor,avanzada-q9-200-raptor,negro-verde,https://ik.imagekit.io/szxayxbmb/asisa-motos/modelos/avanzada-q9-200-raptor/negro-verde/IMG-20260930-WA0010.jpg,https://ik.imagekit.io/szxayxbmb/asisa-motos/modelos/avanzada-q9-200-raptor/negro-verde/IMG-20260930-WA0010.jpg?tr=orig-true,6ac95f7dead997d09a742207,/asisa-motos/modelos/avanzada-q9-200-raptor/negro-verde/IMG-20260930-WA0010.jpg,IMG-20260930-WA0010.jpg,900,1600,027a69af58f6b06cb739af43ef9af2d0dd9623c6bf14f2d23ae672af46cd9013,alta,Chat 30/09: Q9 200cc / Todas son Q9 200cc; rotulado Raptor en carrocería,
Avanzada Q9 200 Raptor,avanzada-q9-200-raptor,negro-verde,https://ik.imagekit.io/szxayxbmb/asisa-motos/modelos/avanzada-q9-200-raptor/negro-verde/IMG-20260930-WA0011.jpg,https://ik.imagekit.io/szxayxbmb/asisa-motos/modelos/avanzada-q9-200-raptor/negro-verde/IMG-20260930-WA0011.jpg?tr=orig-true,6ac95f7eead997d09a742658,/asisa-motos/modelos/avanzada-q9-200-raptor/negro-verde/IMG-20260930-WA0011.jpg,IMG-20260930-WA0011.jpg,1600,900,7c25d7c1efc3ffb9d74de5f4ad7f76a1a6c8ccff78439535c1baa1aaf5c63c4e,alta,Chat 30/09: Q9 200cc / Todas son Q9 200cc; rotulado Raptor en carrocería,
Avanzada Q9 200 Raptor,avanzada-q9-200-raptor,negro-verde,https://ik.imagekit.io/szxayxbmb/asisa-motos/modelos/avanzada-q9-200-raptor/negro-verde/IMG-20260930-WA0012.jpg,https://ik.imagekit.io/szxayxbmb/asisa-motos/modelos/avanzada-q9-200-raptor/negro-verde/IMG-20260930-WA0012.jpg?tr=orig-true,6ac95f7eead997d09a74297f,/asisa-motos/modelos/avanzada-q9-200-raptor/negro-verde/IMG-20260930-WA0012.jpg,IMG-20260930-WA0012.jpg,900,1600,c03b3ce6b3fca1349292b95346bbd44dca3fc419d8afb272c0c67c3c80096b1d,alta,Chat 30/09: Q9 200cc / Todas son Q9 200cc; rotulado Raptor en carrocería,
Avanzada Q9 200 Raptor,avanzada-q9-200-raptor,negro-verde,https://ik.imagekit.io/szxayxbmb/asisa-motos/modelos/avanzada-q9-200-raptor/negro-verde/IMG-20260930-WA0013.jpg,https://ik.imagekit.io/szxayxbmb/asisa-motos/modelos/avanzada-q9-200-raptor/negro-verde/IMG-20260930-WA0013.jpg?tr=orig-true,6ac95f7fead997d09a742d9e,/asisa-motos/modelos/avanzada-q9-200-raptor/negro-verde/IMG-20260930-WA0013.jpg,IMG-20260930-WA0013.jpg,900,1600,98d53e9afbf869f4b26fa26f95bcab71c4317f633396c5deeb42aff851a845d0,alta,Chat 30/09: Q9 200cc / Todas son Q9 200cc; rotulado Raptor en carrocería,
Avanzada Q9 200 Raptor,avanzada-q9-200-raptor,rojo,https://ik.imagekit.io/szxayxbmb/asisa-motos/modelos/avanzada-q9-200-raptor/rojo/IMG-20260928-WA0019.jpg,https://ik.imagekit.io/szxayxbmb/asisa-motos/modelos/avanzada-q9-200-raptor/rojo/IMG-20260928-WA0019.jpg?tr=orig-true,6ac95f80ead997d09a7430d2,/asisa-motos/modelos/avanzada-q9-200-raptor/rojo/IMG-20260928-WA0019.jpg,IMG-20260928-WA0019.jpg,1280,960,f949e4deb91fd8b848195725a984127f286b16273cb3b4567a76a79decbdea4c,alta,Marca Q9 Raptor 200 visible en carenado; imágenes 28/09,
Avanzada Q9 200 Raptor,avanzada-q9-200-raptor,rojo,https://ik.imagekit.io/szxayxbmb/asisa-motos/modelos/avanzada-q9-200-raptor/rojo/IMG-20260928-WA0020.jpg,https://ik.imagekit.io/szxayxbmb/asisa-motos/modelos/avanzada-q9-200-raptor/rojo/IMG-20260928-WA0020.jpg?tr=orig-true,6ac95f81ead997d09a743505,/asisa-motos/modelos/avanzada-q9-200-raptor/rojo/IMG-20260928-WA0020.jpg,IMG-20260928-WA0020.jpg,1280,960,6f5d8c08deec8989034a16457fcbbca32f6d64cce0ae8b2e470a6eb4d7ef0d7c,alta,Marca Q9 Raptor 200 visible en carenado; imágenes 28/09,
Avanzada Q9 200 Raptor,avanzada-q9-200-raptor,rojo,https://ik.imagekit.io/szxayxbmb/asisa-motos/modelos/avanzada-q9-200-raptor/rojo/IMG-20260928-WA0021.jpg,https://ik.imagekit.io/szxayxbmb/asisa-motos/modelos/avanzada-q9-200-raptor/rojo/IMG-20260928-WA0021.jpg?tr=orig-true,6ac95f82ead997d09a7439e0,/asisa-motos/modelos/avanzada-q9-200-raptor/rojo/IMG-20260928-WA0021.jpg,IMG-20260928-WA0021.jpg,960,1280,e9ab291f4aa23360a2b569288c0f3b7a1b09a80997612ce15de4ad1949117f52,alta,Marca Q9 Raptor 200 visible en carenado; imágenes 28/09,
Avanzada Q9 200 Raptor,avanzada-q9-200-raptor,rojo,https://ik.imagekit.io/szxayxbmb/asisa-motos/modelos/avanzada-q9-200-raptor/rojo/IMG-20260928-WA0022.jpg,https://ik.imagekit.io/szxayxbmb/asisa-motos/modelos/avanzada-q9-200-raptor/rojo/IMG-20260928-WA0022.jpg?tr=orig-true,6ac95f83ead997d09a7440cd,/asisa-motos/modelos/avanzada-q9-200-raptor/rojo/IMG-20260928-WA0022.jpg,IMG-20260928-WA0022.jpg,960,1280,9cd88e176033e94e0afe8a1ebbeb6aaa71f18dbdc1f29505ee65b5dc7096bcaf,alta,Marca Q9 Raptor 200 visible en carenado; imágenes 28/09,
Avanzada Q9 200 Raptor,avanzada-q9-200-raptor,rojo,https://ik.imagekit.io/szxayxbmb/asisa-motos/modelos/avanzada-q9-200-raptor/rojo/IMG-20260930-WA0018.jpg,https://ik.imagekit.io/szxayxbmb/asisa-motos/modelos/avanzada-q9-200-raptor/rojo/IMG-20260930-WA0018.jpg?tr=orig-true,6ac95f83ead997d09a7448a1,/asisa-motos/modelos/avanzada-q9-200-raptor/rojo/IMG-20260930-WA0018.jpg,IMG-20260930-WA0018.jpg,900,1600,61558f0e507e79443c03faec473ab6bf0a04adc58bd68328e9bf36f22e6979bf,alta,Chat 30/09: Q9 200cc / Todas son Q9 200cc; rotulado Raptor en carrocería,
Avanzada Q9 200 Raptor,avanzada-q9-200-raptor,rojo,https://ik.imagekit.io/szxayxbmb/asisa-motos/modelos/avanzada-q9-200-raptor/rojo/IMG-20260930-WA0019.jpg,https://ik.imagekit.io/szxayxbmb/asisa-motos/modelos/avanzada-q9-200-raptor/rojo/IMG-20260930-WA0019.jpg?tr=orig-true,6ac95f84ead997d09a744ca7,/asisa-motos/modelos/avanzada-q9-200-raptor/rojo/IMG-20260930-WA0019.jpg,IMG-20260930-WA0019.jpg,1600,900,538a43b13e6520465fe982f7b2e6428b93cdabbd0a87b81c9c42dee7bc83f95d,alta,Chat 30/09: Q9 200cc / Todas son Q9 200cc; rotulado Raptor en carrocería,
Avanzada Q9 200 Raptor,avanzada-q9-200-raptor,rojo,https://ik.imagekit.io/szxayxbmb/asisa-motos/modelos/avanzada-q9-200-raptor/rojo/IMG-20260930-WA0020.jpg,https://ik.imagekit.io/szxayxbmb/asisa-motos/modelos/avanzada-q9-200-raptor/rojo/IMG-20260930-WA0020.jpg?tr=orig-true,6ac95f85ead997d09a74501b,/asisa-motos/modelos/avanzada-q9-200-raptor/rojo/IMG-20260930-WA0020.jpg,IMG-20260930-WA0020.jpg,1137,1600,c23d98876a983a8c20a12d23efcb246fbcaa1c7935b31ca65cfa42bce34e5903,alta,Chat 30/09: Q9 200cc / Todas son Q9 200cc; rotulado Raptor en carrocería,
Avanzada Q9 200 Raptor,avanzada-q9-200-raptor,rojo,https://ik.imagekit.io/szxayxbmb/asisa-motos/modelos/avanzada-q9-200-raptor/rojo/IMG-20260930-WA0021.jpg,https://ik.imagekit.io/szxayxbmb/asisa-motos/modelos/avanzada-q9-200-raptor/rojo/IMG-20260930-WA0021.jpg?tr=orig-true,6ac95f86ead997d09a745386,/asisa-motos/modelos/avanzada-q9-200-raptor/rojo/IMG-20260930-WA0021.jpg,IMG-20260930-WA0021.jpg,1600,900,1b9122204fb3d2781f6e77fef953a921dae30656995475ea42d29fd590b09d20,alta,Chat 30/09: Q9 200cc / Todas son Q9 200cc; rotulado Raptor en carrocería,
Avanzada Q9 200 Raptor,avanzada-q9-200-raptor,rosa,https://ik.imagekit.io/szxayxbmb/asisa-motos/modelos/avanzada-q9-200-raptor/rosa/IMG-20260930-WA0006.jpg,https://ik.imagekit.io/szxayxbmb/asisa-motos/modelos/avanzada-q9-200-raptor/rosa/IMG-20260930-WA0006.jpg?tr=orig-true,6ac95f87ead997d09a745614,/asisa-motos/modelos/avanzada-q9-200-raptor/rosa/IMG-20260930-WA0006.jpg,IMG-20260930-WA0006.jpg,1198,1600,09045f43d94d0b0407c7622b991f050013145a69f89a2d3ff9c25ff55109659b,alta,Chat 30/09: Q9 200cc / Todas son Q9 200cc; rotulado Raptor en carrocería,
Avanzada Q9 200 Raptor,avanzada-q9-200-raptor,rosa,https://ik.imagekit.io/szxayxbmb/asisa-motos/modelos/avanzada-q9-200-raptor/rosa/IMG-20260930-WA0007.jpg,https://ik.imagekit.io/szxayxbmb/asisa-motos/modelos/avanzada-q9-200-raptor/rosa/IMG-20260930-WA0007.jpg?tr=orig-true,6ac95f88ead997d09a7459e3,/asisa-motos/modelos/avanzada-q9-200-raptor/rosa/IMG-20260930-WA0007.jpg,IMG-20260930-WA0007.jpg,1600,1198,ab2f45cb24400ea133d8745effaacc4bf4cf451f62d5179ad85e28be0120c59e,alta,Chat 30/09: Q9 200cc / Todas son Q9 200cc; rotulado Raptor en carrocería,
Avanzada Q9 200 Raptor,avanzada-q9-200-raptor,rosa,https://ik.imagekit.io/szxayxbmb/asisa-motos/modelos/avanzada-q9-200-raptor/rosa/IMG-20260930-WA0008.jpg,https://ik.imagekit.io/szxayxbmb/asisa-motos/modelos/avanzada-q9-200-raptor/rosa/IMG-20260930-WA0008.jpg?tr=orig-true,6ac95f89ead997d09a745d86,/asisa-motos/modelos/avanzada-q9-200-raptor/rosa/IMG-20260930-WA0008.jpg,IMG-20260930-WA0008.jpg,1198,1600,e2d88442dbcf6ae8eeb043b88bb7956d675dfb3c7bc559b90dc355b968631064,alta,Chat 30/09: Q9 200cc / Todas son Q9 200cc; rotulado Raptor en carrocería,
Avanzada Q9 200 Raptor,avanzada-q9-200-raptor,rosa,https://ik.imagekit.io/szxayxbmb/asisa-motos/modelos/avanzada-q9-200-raptor/rosa/IMG-20260930-WA0009.jpg,https://ik.imagekit.io/szxayxbmb/asisa-motos/modelos/avanzada-q9-200-raptor/rosa/IMG-20260930-WA0009.jpg?tr=orig-true,6ac95f89ead997d09a74619a,/asisa-motos/modelos/avanzada-q9-200-raptor/rosa/IMG-20260930-WA0009.jpg,IMG-20260930-WA0009.jpg,1600,1198,1807e1d912af5d69495ee737ae661032fb239d40996245f4eda2a1eb20eb21a5,alta,Chat 30/09: Q9 200cc / Todas son Q9 200cc; rotulado Raptor en carrocería,
Avanzada R8 Mini Pista,avanzada-r8-mini,rojo,https://ik.imagekit.io/szxayxbmb/asisa-motos/modelos/avanzada-r8-mini/rojo/IMG-20261002-WA0001.jpg,https://ik.imagekit.io/szxayxbmb/asisa-motos/modelos/avanzada-r8-mini/rojo/IMG-20261002-WA0001.jpg?tr=orig-true,6ac95f8aead997d09a74649a,/asisa-motos/modelos/avanzada-r8-mini/rojo/IMG-20261002-WA0001.jpg,IMG-20261002-WA0001.jpg,1600,900,ba7e6370807dfd98589004444593a14953e5c9dbeda1b8f9c00f3297f6ef453d,alta,Chat 02/10: Avanzada r8mini; inventario: R8 Mini Pista,
Avanzada R8 Mini Pista,avanzada-r8-mini,rojo,https://ik.imagekit.io/szxayxbmb/asisa-motos/modelos/avanzada-r8-mini/rojo/IMG-20261002-WA0002.jpg,https://ik.imagekit.io/szxayxbmb/asisa-motos/modelos/avanzada-r8-mini/rojo/IMG-20261002-WA0002.jpg?tr=orig-true,6ac95f8bead997d09a746805,/asisa-motos/modelos/avanzada-r8-mini/rojo/IMG-20261002-WA0002.jpg,IMG-20261002-WA0002.jpg,900,1600,00d61f0dcc8245f0df095abe65041448d29be5ce1da169a1b5e91aafdb1f4fb3,alta,Chat 02/10: Avanzada r8mini; inventario: R8 Mini Pista,
Avanzada R8 Mini Pista,avanzada-r8-mini,rojo,https://ik.imagekit.io/szxayxbmb/asisa-motos/modelos/avanzada-r8-mini/rojo/IMG-20261002-WA0003.jpg,https://ik.imagekit.io/szxayxbmb/asisa-motos/modelos/avanzada-r8-mini/rojo/IMG-20261002-WA0003.jpg?tr=orig-true,6ac95f8cead997d09a746aa7,/asisa-motos/modelos/avanzada-r8-mini/rojo/IMG-20261002-WA0003.jpg,IMG-20261002-WA0003.jpg,900,1600,7b859b92019ba68237ce219917e5bf74e5e4f323702d059cf9d1a21f24e39b23,alta,Chat 02/10: Avanzada r8mini; inventario: R8 Mini Pista,
Avanzada R8 Mini Pista,avanzada-r8-mini,rojo,https://ik.imagekit.io/szxayxbmb/asisa-motos/modelos/avanzada-r8-mini/rojo/IMG-20261002-WA0004.jpg,https://ik.imagekit.io/szxayxbmb/asisa-motos/modelos/avanzada-r8-mini/rojo/IMG-20261002-WA0004.jpg?tr=orig-true,6ac95f8dead997d09a746fcd,/asisa-motos/modelos/avanzada-r8-mini/rojo/IMG-20261002-WA0004.jpg,IMG-20261002-WA0004.jpg,1600,900,4b2c36a4595abb0bb505ca1dd485d1814ebff50cb9eb5f03b83806ba2d752c2f,alta,Chat 02/10: Avanzada r8mini; inventario: R8 Mini Pista,
Avanzada UTV Alfa,avanzada-utv-alfa,rojo,https://ik.imagekit.io/szxayxbmb/asisa-motos/modelos/avanzada-utv-alfa/rojo/IMG-20260930-WA0022.jpg,https://ik.imagekit.io/szxayxbmb/asisa-motos/modelos/avanzada-utv-alfa/rojo/IMG-20260930-WA0022.jpg?tr=orig-true,6ac95f8dead997d09a7473b8,/asisa-motos/modelos/avanzada-utv-alfa/rojo/IMG-20260930-WA0022.jpg,IMG-20260930-WA0022.jpg,900,1600,b74da9a1e95d3e5dcbffbea25f3ddf978819cd53adaacdf69944c39ef82d2332,alta,Chat 30/09: Utv alfa,
Avanzada UTV Alfa,avanzada-utv-alfa,rojo,https://ik.imagekit.io/szxayxbmb/asisa-motos/modelos/avanzada-utv-alfa/rojo/IMG-20260930-WA0023.jpg,https://ik.imagekit.io/szxayxbmb/asisa-motos/modelos/avanzada-utv-alfa/rojo/IMG-20260930-WA0023.jpg?tr=orig-true,6ac95f8eead997d09a7477a7,/asisa-motos/modelos/avanzada-utv-alfa/rojo/IMG-20260930-WA0023.jpg,IMG-20260930-WA0023.jpg,1600,900,af4c96c3ab84125cc5335b2c250b8c2b91862bbc1c42bb5b46c4a3c56cf82d87,alta,Chat 30/09: Utv alfa,
Avanzada UTV Alfa,avanzada-utv-alfa,rojo,https://ik.imagekit.io/szxayxbmb/asisa-motos/modelos/avanzada-utv-alfa/rojo/IMG-20260930-WA0024.jpg,https://ik.imagekit.io/szxayxbmb/asisa-motos/modelos/avanzada-utv-alfa/rojo/IMG-20260930-WA0024.jpg?tr=orig-true,6ac95f8fead997d09a747a51,/asisa-motos/modelos/avanzada-utv-alfa/rojo/IMG-20260930-WA0024.jpg,IMG-20260930-WA0024.jpg,1600,900,e372cb3e9fb642acc0c1713e979cf7dacc6c9b1758e66941edbdf4395715457d,alta,Chat 30/09: Utv alfa,
Avanzada UTV Alfa,avanzada-utv-alfa,rojo,https://ik.imagekit.io/szxayxbmb/asisa-motos/modelos/avanzada-utv-alfa/rojo/IMG-20260930-WA0025.jpg,https://ik.imagekit.io/szxayxbmb/asisa-motos/modelos/avanzada-utv-alfa/rojo/IMG-20260930-WA0025.jpg?tr=orig-true,6ac95f90ead997d09a747e51,/asisa-motos/modelos/avanzada-utv-alfa/rojo/IMG-20260930-WA0025.jpg,IMG-20260930-WA0025.jpg,1198,1600,cc00ea0d0e01b937861cc00fd9169183b5647b9e476beb5fdf85a16ab32e55e4,alta,Chat 30/09: Utv alfa,
Lifan 110 TP,lifan-110-tp,negro-rojo,https://ik.imagekit.io/szxayxbmb/asisa-motos/modelos/lifan-110-tp/negro-rojo/IMG-20261002-WA0069.jpg,https://ik.imagekit.io/szxayxbmb/asisa-motos/modelos/lifan-110-tp/negro-rojo/IMG-20261002-WA0069.jpg?tr=orig-true,6ac95f91ead997d09a74814a,/asisa-motos/modelos/lifan-110-tp/negro-rojo/IMG-20261002-WA0069.jpg,IMG-20261002-WA0069.jpg,900,1600,e47bf7be4dcc40cd5adffbf5c327b45a5c3784e22e64df030c5f5960464baa53,alta,Chat 02/10: Lifan 110 tp,
Lifan 110 TP,lifan-110-tp,negro-rojo,https://ik.imagekit.io/szxayxbmb/asisa-motos/modelos/lifan-110-tp/negro-rojo/IMG-20261002-WA0070.jpg,https://ik.imagekit.io/szxayxbmb/asisa-motos/modelos/lifan-110-tp/negro-rojo/IMG-20261002-WA0070.jpg?tr=orig-true,6ac95f92ead997d09a748540,/asisa-motos/modelos/lifan-110-tp/negro-rojo/IMG-20261002-WA0070.jpg,IMG-20261002-WA0070.jpg,1600,900,5440fdfb57ebb3463e215872137b7c54435b12dfd28d9a5198115f148606c586,alta,Chat 02/10: Lifan 110 tp,
Lifan 110 TP,lifan-110-tp,negro-rojo,https://ik.imagekit.io/szxayxbmb/asisa-motos/modelos/lifan-110-tp/negro-rojo/IMG-20261002-WA0071.jpg,https://ik.imagekit.io/szxayxbmb/asisa-motos/modelos/lifan-110-tp/negro-rojo/IMG-20261002-WA0071.jpg?tr=orig-true,6ac95f92ead997d09a74884a,/asisa-motos/modelos/lifan-110-tp/negro-rojo/IMG-20261002-WA0071.jpg,IMG-20261002-WA0071.jpg,1600,900,7a13c2f622b5331097ce66dfc44ebd43e9dc6c10669ba69a78f05b106baf924e,alta,Chat 02/10: Lifan 110 tp,
Lifan 110 TP,lifan-110-tp,negro-rojo,https://ik.imagekit.io/szxayxbmb/asisa-motos/modelos/lifan-110-tp/negro-rojo/IMG-20261002-WA0072.jpg,https://ik.imagekit.io/szxayxbmb/asisa-motos/modelos/lifan-110-tp/negro-rojo/IMG-20261002-WA0072.jpg?tr=orig-true,6ac95f93ead997d09a7491fe,/asisa-motos/modelos/lifan-110-tp/negro-rojo/IMG-20261002-WA0072.jpg,IMG-20261002-WA0072.jpg,900,1600,f9827f46c51dd730803fc09c323bf75b699350b1a12d759b99e79c50b5cd6774,alta,Chat 02/10: Lifan 110 tp,
Lifan CCR 150,lifan-ccr-150,rojo,https://ik.imagekit.io/szxayxbmb/asisa-motos/modelos/lifan-ccr-150/rojo/IMG-20261001-WA0016.jpg,https://ik.imagekit.io/szxayxbmb/asisa-motos/modelos/lifan-ccr-150/rojo/IMG-20261001-WA0016.jpg?tr=orig-true,6ac95f94ead997d09a7496f3,/asisa-motos/modelos/lifan-ccr-150/rojo/IMG-20261001-WA0016.jpg,IMG-20261001-WA0016.jpg,900,1600,acb7bdf9655fbc2dd018b6a458fa10c254ffc66d2dfbd22f5645db59a7673ad0,alta,Chat 01/10: Lifan ccr 150,
Lifan CCR 150,lifan-ccr-150,rojo,https://ik.imagekit.io/szxayxbmb/asisa-motos/modelos/lifan-ccr-150/rojo/IMG-20261001-WA0017.jpg,https://ik.imagekit.io/szxayxbmb/asisa-motos/modelos/lifan-ccr-150/rojo/IMG-20261001-WA0017.jpg?tr=orig-true,6ac95f95ead997d09a749be6,/asisa-motos/modelos/lifan-ccr-150/rojo/IMG-20261001-WA0017.jpg,IMG-20261001-WA0017.jpg,1600,900,68bf44e36029a7b39a65308cf85b1978414f84ef56a3553eefa48732c81d57cf,alta,Chat 01/10: Lifan ccr 150,
Lifan CCR 150,lifan-ccr-150,rojo,https://ik.imagekit.io/szxayxbmb/asisa-motos/modelos/lifan-ccr-150/rojo/IMG-20261001-WA0018.jpg,https://ik.imagekit.io/szxayxbmb/asisa-motos/modelos/lifan-ccr-150/rojo/IMG-20261001-WA0018.jpg?tr=orig-true,6ac95f96ead997d09a74a01f,/asisa-motos/modelos/lifan-ccr-150/rojo/IMG-20261001-WA0018.jpg,IMG-20261001-WA0018.jpg,900,1600,7f287b04df65a7d3b9eb3fb062719cc50656a5f74f8f81cde546cbb1c59a5b22,alta,Chat 01/10: Lifan ccr 150,
Lifan CCR 150,lifan-ccr-150,rojo,https://ik.imagekit.io/szxayxbmb/asisa-motos/modelos/lifan-ccr-150/rojo/IMG-20261001-WA0019.jpg,https://ik.imagekit.io/szxayxbmb/asisa-motos/modelos/lifan-ccr-150/rojo/IMG-20261001-WA0019.jpg?tr=orig-true,6ac95f96ead997d09a74a440,/asisa-motos/modelos/lifan-ccr-150/rojo/IMG-20261001-WA0019.jpg,IMG-20261001-WA0019.jpg,900,1600,e3132e13f0f98a5cd7a578db3eb826308211c33275a5b6f2e4cdce758cb4b41f,alta,Chat 01/10: Lifan ccr 150,
Lifan LF150,lifan-lf-150,naranja,https://ik.imagekit.io/szxayxbmb/asisa-motos/modelos/lifan-lf-150/naranja/IMG-20261001-WA0027.jpg,https://ik.imagekit.io/szxayxbmb/asisa-motos/modelos/lifan-lf-150/naranja/IMG-20261001-WA0027.jpg?tr=orig-true,6ac95f97ead997d09a74a7c4,/asisa-motos/modelos/lifan-lf-150/naranja/IMG-20261001-WA0027.jpg,IMG-20261001-WA0027.jpg,1600,900,76c8b825938f02bcc57d695463967e968e35a5a843686dcda6185c0df9fc26de,alta,Chat 01/10: Lifan lf150,
Lifan LF150,lifan-lf-150,naranja,https://ik.imagekit.io/szxayxbmb/asisa-motos/modelos/lifan-lf-150/naranja/IMG-20261001-WA0028.jpg,https://ik.imagekit.io/szxayxbmb/asisa-motos/modelos/lifan-lf-150/naranja/IMG-20261001-WA0028.jpg?tr=orig-true,6ac95f98ead997d09a74abeb,/asisa-motos/modelos/lifan-lf-150/naranja/IMG-20261001-WA0028.jpg,IMG-20261001-WA0028.jpg,900,1600,cebb3ab33c92c8f778378510320122656b1f37d94dc29112d397ac4cc60db014,alta,Chat 01/10: Lifan lf150,
Lifan LF150,lifan-lf-150,naranja,https://ik.imagekit.io/szxayxbmb/asisa-motos/modelos/lifan-lf-150/naranja/IMG-20261001-WA0029.jpg,https://ik.imagekit.io/szxayxbmb/asisa-motos/modelos/lifan-lf-150/naranja/IMG-20261001-WA0029.jpg?tr=orig-true,6ac95f99ead997d09a74ae8c,/asisa-motos/modelos/lifan-lf-150/naranja/IMG-20261001-WA0029.jpg,IMG-20261001-WA0029.jpg,900,1600,a00b6fd04cf7b43de3be3037028ca2c75bed0fd6a60ba8ff5329bcfb2d4d18ac,alta,Chat 01/10: Lifan lf150,
Lifan LF150,lifan-lf-150,naranja,https://ik.imagekit.io/szxayxbmb/asisa-motos/modelos/lifan-lf-150/naranja/IMG-20261001-WA0030.jpg,https://ik.imagekit.io/szxayxbmb/asisa-motos/modelos/lifan-lf-150/naranja/IMG-20261001-WA0030.jpg?tr=orig-true,6ac95f9aead997d09a74b129,/asisa-motos/modelos/lifan-lf-150/naranja/IMG-20261001-WA0030.jpg,IMG-20261001-WA0030.jpg,1600,900,7fc358f75f014e0e672f806b2ac701032d3e54e814bcc088c4042b5fbaca6215,alta,Chat 01/10: Lifan lf150,
Lifan LF200,lifan-lf-200,negro,https://ik.imagekit.io/szxayxbmb/asisa-motos/modelos/lifan-lf-200/negro/IMG-20261001-WA0031.jpg,https://ik.imagekit.io/szxayxbmb/asisa-motos/modelos/lifan-lf-200/negro/IMG-20261001-WA0031.jpg?tr=orig-true,6ac95f9aead997d09a74b535,/asisa-motos/modelos/lifan-lf-200/negro/IMG-20261001-WA0031.jpg,IMG-20261001-WA0031.jpg,900,1600,99a7d806fa4303cea710c6f1cbaf563daa4a3343e28b8b3e05bbfe66750a95dc,alta,Chat 01/10: Lifan lf200,
Lifan LF200,lifan-lf-200,negro,https://ik.imagekit.io/szxayxbmb/asisa-motos/modelos/lifan-lf-200/negro/IMG-20261001-WA0032.jpg,https://ik.imagekit.io/szxayxbmb/asisa-motos/modelos/lifan-lf-200/negro/IMG-20261001-WA0032.jpg?tr=orig-true,6ac95f9bead997d09a74b8dd,/asisa-motos/modelos/lifan-lf-200/negro/IMG-20261001-WA0032.jpg,IMG-20261001-WA0032.jpg,900,1600,e95712266e7e78c2510a6403c116cdc5b041b51f8919f4ff317fbf6cad989c64,alta,Chat 01/10: Lifan lf200,
Lifan LF200,lifan-lf-200,negro,https://ik.imagekit.io/szxayxbmb/asisa-motos/modelos/lifan-lf-200/negro/IMG-20261001-WA0033.jpg,https://ik.imagekit.io/szxayxbmb/asisa-motos/modelos/lifan-lf-200/negro/IMG-20261001-WA0033.jpg?tr=orig-true,6ac95f9cead997d09a74bc10,/asisa-motos/modelos/lifan-lf-200/negro/IMG-20261001-WA0033.jpg,IMG-20261001-WA0033.jpg,1600,900,a4144ca9761fcbded7f638c573c97ddb50ded7d005c7aa043845c59025273453,alta,Chat 01/10: Lifan lf200,
Lifan LF200,lifan-lf-200,negro,https://ik.imagekit.io/szxayxbmb/asisa-motos/modelos/lifan-lf-200/negro/IMG-20261001-WA0034.jpg,https://ik.imagekit.io/szxayxbmb/asisa-motos/modelos/lifan-lf-200/negro/IMG-20261001-WA0034.jpg?tr=orig-true,6ac95f9dead997d09a74bf94,/asisa-motos/modelos/lifan-lf-200/negro/IMG-20261001-WA0034.jpg,IMG-20261001-WA0034.jpg,900,1600,a5575619f49dfe31f91cb0d2c1b23da5156c0a1bd78d08245d2b1763328a3562,alta,Chat 01/10: Lifan lf200,
Lifan Semiautomática 125,lifan-semiautomatica-125,gris-amarillo,https://ik.imagekit.io/szxayxbmb/asisa-motos/modelos/lifan-semiautomatica-125/gris-amarillo/IMG-20261002-WA0065.jpg,https://ik.imagekit.io/szxayxbmb/asisa-motos/modelos/lifan-semiautomatica-125/gris-amarillo/IMG-20261002-WA0065.jpg?tr=orig-true,6ac95f9eead997d09a74c383,/asisa-motos/modelos/lifan-semiautomatica-125/gris-amarillo/IMG-20261002-WA0065.jpg,IMG-20261002-WA0065.jpg,900,1600,c922e727f51ac424ecc51422eccd0d19525de535e4307292027d6ba07bf8667a,alta,Chat 02/10: Lifan semiautomática 125 cc,
Lifan Semiautomática 125,lifan-semiautomatica-125,gris-amarillo,https://ik.imagekit.io/szxayxbmb/asisa-motos/modelos/lifan-semiautomatica-125/gris-amarillo/IMG-20261002-WA0066.jpg,https://ik.imagekit.io/szxayxbmb/asisa-motos/modelos/lifan-semiautomatica-125/gris-amarillo/IMG-20261002-WA0066.jpg?tr=orig-true,6ac95f9fead997d09a74c716,/asisa-motos/modelos/lifan-semiautomatica-125/gris-amarillo/IMG-20261002-WA0066.jpg,IMG-20261002-WA0066.jpg,1600,900,5229098bd312e306b3fe501f256e68b018b43a33a579fa4d41eedaa174b5cd8e,alta,Chat 02/10: Lifan semiautomática 125 cc,
Lifan Semiautomática 125,lifan-semiautomatica-125,gris-amarillo,https://ik.imagekit.io/szxayxbmb/asisa-motos/modelos/lifan-semiautomatica-125/gris-amarillo/IMG-20261002-WA0067.jpg,https://ik.imagekit.io/szxayxbmb/asisa-motos/modelos/lifan-semiautomatica-125/gris-amarillo/IMG-20261002-WA0067.jpg?tr=orig-true,6ac95f9fead997d09a74cb19,/asisa-motos/modelos/lifan-semiautomatica-125/gris-amarillo/IMG-20261002-WA0067.jpg,IMG-20261002-WA0067.jpg,900,1600,250db651f34deff41d1b028f3f9fa1d7317676217b24dc9b1e6af6c866cd1492,alta,Chat 02/10: Lifan semiautomática 125 cc,
Lifan Semiautomática 125,lifan-semiautomatica-125,gris-amarillo,https://ik.imagekit.io/szxayxbmb/asisa-motos/modelos/lifan-semiautomatica-125/gris-amarillo/IMG-20261002-WA0068.jpg,https://ik.imagekit.io/szxayxbmb/asisa-motos/modelos/lifan-semiautomatica-125/gris-amarillo/IMG-20261002-WA0068.jpg?tr=orig-true,6ac95fa0ead997d09a74cee1,/asisa-motos/modelos/lifan-semiautomatica-125/gris-amarillo/IMG-20261002-WA0068.jpg,IMG-20261002-WA0068.jpg,900,1600,4e9d70796a811a23337491cd816b5f9b529b47ff61062e857efc4e0e3be5786e,alta,Chat 02/10: Lifan semiautomática 125 cc,
MZ 200,mz-200,blanco,https://ik.imagekit.io/szxayxbmb/asisa-motos/modelos/mz-200/blanco/IMG-20260930-WA0026.jpg,https://ik.imagekit.io/szxayxbmb/asisa-motos/modelos/mz-200/blanco/IMG-20260930-WA0026.jpg?tr=orig-true,6ac95fa1ead997d09a74d214,/asisa-motos/modelos/mz-200/blanco/IMG-20260930-WA0026.jpg,IMG-20260930-WA0026.jpg,900,1600,bbacd2dbfe77bf20ee0f75375268b30f5a037ada5d7a4f5b2160c46f4eaa02ce,alta,Chat 30/09: Mz 200,
MZ 200,mz-200,blanco,https://ik.imagekit.io/szxayxbmb/asisa-motos/modelos/mz-200/blanco/IMG-20260930-WA0027.jpg,https://ik.imagekit.io/szxayxbmb/asisa-motos/modelos/mz-200/blanco/IMG-20260930-WA0027.jpg?tr=orig-true,6ac95fa2ead997d09a74d6b4,/asisa-motos/modelos/mz-200/blanco/IMG-20260930-WA0027.jpg,IMG-20260930-WA0027.jpg,1600,900,7ec6c3a89a954437905345669ccca8179bc4c608715a2ab78d52de937efe241c,alta,Chat 30/09: Mz 200,
MZ 200,mz-200,blanco,https://ik.imagekit.io/szxayxbmb/asisa-motos/modelos/mz-200/blanco/IMG-20260930-WA0028.jpg,https://ik.imagekit.io/szxayxbmb/asisa-motos/modelos/mz-200/blanco/IMG-20260930-WA0028.jpg?tr=orig-true,6ac95fa3ead997d09a74dbbd,/asisa-motos/modelos/mz-200/blanco/IMG-20260930-WA0028.jpg,IMG-20260930-WA0028.jpg,900,1600,36a5ad4ae63b0c5023203d6f3f3ec72aad1a631fdc119bdd30afedbad8a9d654,alta,Chat 30/09: Mz 200,
MZ 200,mz-200,blanco,https://ik.imagekit.io/szxayxbmb/asisa-motos/modelos/mz-200/blanco/IMG-20260930-WA0029.jpg,https://ik.imagekit.io/szxayxbmb/asisa-motos/modelos/mz-200/blanco/IMG-20260930-WA0029.jpg?tr=orig-true,6ac95fa3ead997d09a74e286,/asisa-motos/modelos/mz-200/blanco/IMG-20260930-WA0029.jpg,IMG-20260930-WA0029.jpg,1600,900,9099348ba5d7860abab6eab623b43d51eccaa4e45213a53b9887f8387d864bb9,alta,Chat 30/09: Mz 200,
Tank Hurricane 150,tank-hurricane-150,rojo,https://ik.imagekit.io/szxayxbmb/asisa-motos/modelos/tank-hurricane-150/rojo/IMG-20261002-WA0061.jpg,https://ik.imagekit.io/szxayxbmb/asisa-motos/modelos/tank-hurricane-150/rojo/IMG-20261002-WA0061.jpg?tr=orig-true,6ac95fa4ead997d09a74e657,/asisa-motos/modelos/tank-hurricane-150/rojo/IMG-20261002-WA0061.jpg,IMG-20261002-WA0061.jpg,900,1600,7c33f3ea75d4926c338d16611c7fc8391d9e3756a3f9b276cb2319ad068d7c70,alta,Chat 02/10: Hurricane 150cc; inventario Tank TK150-7 Hurricane,
Tank Hurricane 150,tank-hurricane-150,rojo,https://ik.imagekit.io/szxayxbmb/asisa-motos/modelos/tank-hurricane-150/rojo/IMG-20261002-WA0062.jpg,https://ik.imagekit.io/szxayxbmb/asisa-motos/modelos/tank-hurricane-150/rojo/IMG-20261002-WA0062.jpg?tr=orig-true,6ac95fa5ead997d09a74ea62,/asisa-motos/modelos/tank-hurricane-150/rojo/IMG-20261002-WA0062.jpg,IMG-20261002-WA0062.jpg,1600,900,c9ec66a7193a0814873b60d5cddfc956e951615a3132cda13268c63769c1b37e,alta,Chat 02/10: Hurricane 150cc; inventario Tank TK150-7 Hurricane,
Tank Hurricane 150,tank-hurricane-150,rojo,https://ik.imagekit.io/szxayxbmb/asisa-motos/modelos/tank-hurricane-150/rojo/IMG-20261002-WA0063.jpg,https://ik.imagekit.io/szxayxbmb/asisa-motos/modelos/tank-hurricane-150/rojo/IMG-20261002-WA0063.jpg?tr=orig-true,6ac95fa6ead997d09a74edcb,/asisa-motos/modelos/tank-hurricane-150/rojo/IMG-20261002-WA0063.jpg,IMG-20261002-WA0063.jpg,900,1600,132dd44747789fe15a5abc3942f9d6f21be98bcdc3f05ae3ccd0f2fcae8630e8,alta,Chat 02/10: Hurricane 150cc; inventario Tank TK150-7 Hurricane,
Tank Hurricane 150,tank-hurricane-150,rojo,https://ik.imagekit.io/szxayxbmb/asisa-motos/modelos/tank-hurricane-150/rojo/IMG-20261002-WA0064.jpg,https://ik.imagekit.io/szxayxbmb/asisa-motos/modelos/tank-hurricane-150/rojo/IMG-20261002-WA0064.jpg?tr=orig-true,6ac95fa7ead997d09a74f185,/asisa-motos/modelos/tank-hurricane-150/rojo/IMG-20261002-WA0064.jpg,IMG-20261002-WA0064.jpg,900,1600,14cd69c9873bc181351efe2b5d08c8ad3c3d356a412f45d62b4e5ea1832fd352,alta,Chat 02/10: Hurricane 150cc; inventario Tank TK150-7 Hurricane,
Treck Motors Element 160,treck-element-160,rojo,https://ik.imagekit.io/szxayxbmb/asisa-motos/modelos/treck-element-160/rojo/IMG-20261002-WA0057.jpg,https://ik.imagekit.io/szxayxbmb/asisa-motos/modelos/treck-element-160/rojo/IMG-20261002-WA0057.jpg?tr=orig-true,6ac95fa8ead997d09a74f53f,/asisa-motos/modelos/treck-element-160/rojo/IMG-20261002-WA0057.jpg,IMG-20261002-WA0057.jpg,900,1600,557cd0e934fffbb48390d12b3d4a66565966e9560b74cf6489d3e23967a09d06,alta,Chat 02/10: Treck motors element 160cc,
Treck Motors Element 160,treck-element-160,rojo,https://ik.imagekit.io/szxayxbmb/asisa-motos/modelos/treck-element-160/rojo/IMG-20261002-WA0058.jpg,https://ik.imagekit.io/szxayxbmb/asisa-motos/modelos/treck-element-160/rojo/IMG-20261002-WA0058.jpg?tr=orig-true,6ac95fa8ead997d09a74f8f7,/asisa-motos/modelos/treck-element-160/rojo/IMG-20261002-WA0058.jpg,IMG-20261002-WA0058.jpg,900,1600,43882ac2fd3ad60998b9b8031f71c67b0c610c508d76c96e6c5535901f512ff6,alta,Chat 02/10: Treck motors element 160cc,
Treck Motors Element 160,treck-element-160,rojo,https://ik.imagekit.io/szxayxbmb/asisa-motos/modelos/treck-element-160/rojo/IMG-20261002-WA0059.jpg,https://ik.imagekit.io/szxayxbmb/asisa-motos/modelos/treck-element-160/rojo/IMG-20261002-WA0059.jpg?tr=orig-true,6ac95fa9ead997d09a74fd94,/asisa-motos/modelos/treck-element-160/rojo/IMG-20261002-WA0059.jpg,IMG-20261002-WA0059.jpg,1600,900,5c0e9abce5298ee7beeecd247457b9ce1be85d2b6c6945ad4ac2ebfd55716cd3,alta,Chat 02/10: Treck motors element 160cc,
Treck Motors Element 160,treck-element-160,rojo,https://ik.imagekit.io/szxayxbmb/asisa-motos/modelos/treck-element-160/rojo/IMG-20261002-WA0060.jpg,https://ik.imagekit.io/szxayxbmb/asisa-motos/modelos/treck-element-160/rojo/IMG-20261002-WA0060.jpg?tr=orig-true,6ac95faaead997d09a750249,/asisa-motos/modelos/treck-element-160/rojo/IMG-20261002-WA0060.jpg,IMG-20261002-WA0060.jpg,900,1600,daa6116cf4c5cf904c6e5f7062dcdfe62f4287b50887f0288b22a276b38326e6,alta,Chat 02/10: Treck motors element 160cc,
Treck Pocket,treck-pocket,negro-rojo,https://ik.imagekit.io/szxayxbmb/asisa-motos/modelos/treck-pocket/negro-rojo/IMG-20261002-WA0005.jpg,https://ik.imagekit.io/szxayxbmb/asisa-motos/modelos/treck-pocket/negro-rojo/IMG-20261002-WA0005.jpg?tr=orig-true,6ac95fabead997d09a7505a7,/asisa-motos/modelos/treck-pocket/negro-rojo/IMG-20261002-WA0005.jpg,IMG-20261002-WA0005.jpg,900,1600,5ebf560758f988aa3208bfe438b5139da019fc504da3cf33113b7f37f53dd38e,media,"Chat 02/10 dice R8 mini, pero la moto tiene logo TRECK e inventario Treck Pocket",DISCREPANCIA: confirmar con cliente modelo Pocket frente a nombre R8 mini del chat
Treck Pocket,treck-pocket,negro-rojo,https://ik.imagekit.io/szxayxbmb/asisa-motos/modelos/treck-pocket/negro-rojo/IMG-20261002-WA0006.jpg,https://ik.imagekit.io/szxayxbmb/asisa-motos/modelos/treck-pocket/negro-rojo/IMG-20261002-WA0006.jpg?tr=orig-true,6ac95facead997d09a750a31,/asisa-motos/modelos/treck-pocket/negro-rojo/IMG-20261002-WA0006.jpg,IMG-20261002-WA0006.jpg,1600,900,07fe52977c1696d61178091702891deb3242018c9dd8227e475013daf7dfe390,media,"Chat 02/10 dice R8 mini, pero la moto tiene logo TRECK e inventario Treck Pocket",DISCREPANCIA: confirmar con cliente modelo Pocket frente a nombre R8 mini del chat
Treck Pocket,treck-pocket,negro-rojo,https://ik.imagekit.io/szxayxbmb/asisa-motos/modelos/treck-pocket/negro-rojo/IMG-20261002-WA0007.jpg,https://ik.imagekit.io/szxayxbmb/asisa-motos/modelos/treck-pocket/negro-rojo/IMG-20261002-WA0007.jpg?tr=orig-true,6ac95fadead997d09a750c9f,/asisa-motos/modelos/treck-pocket/negro-rojo/IMG-20261002-WA0007.jpg,IMG-20261002-WA0007.jpg,900,1600,ad3dfb2da268012a954b80d92210cfc02435fdbbfbe82c9c5fc1f6ca9e7e06d6,media,"Chat 02/10 dice R8 mini, pero la moto tiene logo TRECK e inventario Treck Pocket",DISCREPANCIA: confirmar con cliente modelo Pocket frente a nombre R8 mini del chat
Treck Pocket,treck-pocket,negro-rojo,https://ik.imagekit.io/szxayxbmb/asisa-motos/modelos/treck-pocket/negro-rojo/IMG-20261002-WA0008.jpg,https://ik.imagekit.io/szxayxbmb/asisa-motos/modelos/treck-pocket/negro-rojo/IMG-20261002-WA0008.jpg?tr=orig-true,6ac95fadead997d09a750f3b,/asisa-motos/modelos/treck-pocket/negro-rojo/IMG-20261002-WA0008.jpg,IMG-20261002-WA0008.jpg,1600,900,23e59271021132912ea001a07fa7ae3c75fa1c878f5351e21d636199adca8e1a,media,"Chat 02/10 dice R8 mini, pero la moto tiene logo TRECK e inventario Treck Pocket",DISCREPANCIA: confirmar con cliente modelo Pocket frente a nombre R8 mini del chat
Treck Motors Trazo Racer 150,treck-trazo-150,blanco,https://ik.imagekit.io/szxayxbmb/asisa-motos/modelos/treck-trazo-150/blanco/IMG-20261002-WA0053.jpg,https://ik.imagekit.io/szxayxbmb/asisa-motos/modelos/treck-trazo-150/blanco/IMG-20261002-WA0053.jpg?tr=orig-true,6ac95faeead997d09a751367,/asisa-motos/modelos/treck-trazo-150/blanco/IMG-20261002-WA0053.jpg,IMG-20261002-WA0053.jpg,900,1600,b61f63ee238717e0dde316a6fbf320879014748478840bde3a8582f470070550,alta,Chat 02/10: Treck motors trazo 150cc; inventario Trazo Racer blanco,
Treck Motors Trazo Racer 150,treck-trazo-150,blanco,https://ik.imagekit.io/szxayxbmb/asisa-motos/modelos/treck-trazo-150/blanco/IMG-20261002-WA0054.jpg,https://ik.imagekit.io/szxayxbmb/asisa-motos/modelos/treck-trazo-150/blanco/IMG-20261002-WA0054.jpg?tr=orig-true,6ac95fafead997d09a7517df,/asisa-motos/modelos/treck-trazo-150/blanco/IMG-20261002-WA0054.jpg,IMG-20261002-WA0054.jpg,900,1600,9f946621d408e1c4f307ab63248e528f3020f39866498ab7eef2ddf5c36b8330,alta,Chat 02/10: Treck motors trazo 150cc; inventario Trazo Racer blanco,
Treck Motors Trazo Racer 150,treck-trazo-150,blanco,https://ik.imagekit.io/szxayxbmb/asisa-motos/modelos/treck-trazo-150/blanco/IMG-20261002-WA0055.jpg,https://ik.imagekit.io/szxayxbmb/asisa-motos/modelos/treck-trazo-150/blanco/IMG-20261002-WA0055.jpg?tr=orig-true,6ac95fb0ead997d09a751b17,/asisa-motos/modelos/treck-trazo-150/blanco/IMG-20261002-WA0055.jpg,IMG-20261002-WA0055.jpg,900,1600,f3865457cb62e39c3d24296b74afa3c25699e78c7b559a3e0c3790973711e4a3,alta,Chat 02/10: Treck motors trazo 150cc; inventario Trazo Racer blanco,
Treck Motors Trazo Racer 150,treck-trazo-150,blanco,https://ik.imagekit.io/szxayxbmb/asisa-motos/modelos/treck-trazo-150/blanco/IMG-20261002-WA0056.jpg,https://ik.imagekit.io/szxayxbmb/asisa-motos/modelos/treck-trazo-150/blanco/IMG-20261002-WA0056.jpg?tr=orig-true,6ac95fb1ead997d09a751f7e,/asisa-motos/modelos/treck-trazo-150/blanco/IMG-20261002-WA0056.jpg,IMG-20261002-WA0056.jpg,900,1600,04d9c456b2555e03f687572bd757b6d7d0e06625441c2539349e22699a17dc8e,alta,Chat 02/10: Treck motors trazo 150cc; inventario Trazo Racer blanco,
Treck Motors Trazo Racer 150,treck-trazo-150,naranja,https://ik.imagekit.io/szxayxbmb/asisa-motos/modelos/treck-trazo-150/naranja/IMG-20261002-WA0049.jpg,https://ik.imagekit.io/szxayxbmb/asisa-motos/modelos/treck-trazo-150/naranja/IMG-20261002-WA0049.jpg?tr=orig-true,6ac95fb2ead997d09a752438,/asisa-motos/modelos/treck-trazo-150/naranja/IMG-20261002-WA0049.jpg,IMG-20261002-WA0049.jpg,900,1600,43238ea346ae1503c96ea666e6f2ff37c8d605217d0148c99ec6fafa1dae523c,alta,Chat 02/10: Treck motors trazo 150cc; inventario Trazo Racer naranja,
Treck Motors Trazo Racer 150,treck-trazo-150,naranja,https://ik.imagekit.io/szxayxbmb/asisa-motos/modelos/treck-trazo-150/naranja/IMG-20261002-WA0050.jpg,https://ik.imagekit.io/szxayxbmb/asisa-motos/modelos/treck-trazo-150/naranja/IMG-20261002-WA0050.jpg?tr=orig-true,6ac95fb3ead997d09a752cf0,/asisa-motos/modelos/treck-trazo-150/naranja/IMG-20261002-WA0050.jpg,IMG-20261002-WA0050.jpg,900,1600,581db4a0b9d9a6937de6278e469069d61167c68e88328f7113466b628522563a,alta,Chat 02/10: Treck motors trazo 150cc; inventario Trazo Racer naranja,
Treck Motors Trazo Racer 150,treck-trazo-150,naranja,https://ik.imagekit.io/szxayxbmb/asisa-motos/modelos/treck-trazo-150/naranja/IMG-20261002-WA0051.jpg,https://ik.imagekit.io/szxayxbmb/asisa-motos/modelos/treck-trazo-150/naranja/IMG-20261002-WA0051.jpg?tr=orig-true,6ac95fb4ead997d09a753331,/asisa-motos/modelos/treck-trazo-150/naranja/IMG-20261002-WA0051.jpg,IMG-20261002-WA0051.jpg,1600,900,49dbac81fb205efeb9259a6143ca4715cce8a5f561400f64b126acb223adb21c,alta,Chat 02/10: Treck motors trazo 150cc; inventario Trazo Racer naranja,
Treck Motors Trazo Racer 150,treck-trazo-150,naranja,https://ik.imagekit.io/szxayxbmb/asisa-motos/modelos/treck-trazo-150/naranja/IMG-20261002-WA0052.jpg,https://ik.imagekit.io/szxayxbmb/asisa-motos/modelos/treck-trazo-150/naranja/IMG-20261002-WA0052.jpg?tr=orig-true,6ac95fb5ead997d09a753700,/asisa-motos/modelos/treck-trazo-150/naranja/IMG-20261002-WA0052.jpg,IMG-20261002-WA0052.jpg,900,1600,c34ced016843c082438acb7fbb6a93c158f477e88e722810c7e321de7919b4ef,alta,Chat 02/10: Treck motors trazo 150cc; inventario Trazo Racer naranja,
